listing_id,year,make,model,trim,title,description,photo_url,price_aed,mileage_km,body_type,transmission,fuel_type
1,2013,ford,explorer,other,ford Explorer 2013 silver color GCC calen car,ford explorer 2013 silver color GCC calen car,https://dbz-images.dubizzle.com/images/2023/04/02/cbea51c7d80b4b7d882533bb24abc0fb-.jpeg?imwidth=800,,,,,
2,2019,mercedes-benz,c-class,c300 luxury,"2019 MERCEDES C 300, AMG SPEC, 2.0T, USA","Deluxe Cars Fze, Showroom No : 143, Ducamz, Ras Al Khor, Dubai, U.A.E Mobile No : +971552011671",https://dbz-images.dubizzle.com/images/2023/08/03/c6ac24f32ee240f4afe45d0f5a992a5e-.jpeg?impolicy=dpv,,,,,
3,2018,land rover,range rover velar,other,Land Rover Range Rover Velar 2018 GCC | Warranty,"Payment plans through bank finance: • AED 2,111.00 monthly for 5 years with 10% Down-Payment • AED 1,876.00 monthly for 5 years with 20% Down-Payment • AED 119,750.00 in cash For Sale: 2018 Range Rover Velar R-Dynamic SE Experience the ultimate blend of luxury and performance with this stunning Range Rover Velar. Powered by a robust 2.0 L I4 engine generating 250 hp, this SUV promises a thrilling drive every time. • Mileage: Just 68,000 km • Drive Type: Automatic AWD • Seating Capacity: 5 with plush beige interior • Transmission: 8-speed automatic (AT) • Trim: R-Dynamic SE • Regional Specs: GCC specifications Impeccably maintained and in good condition , this vehicle comes with GCC warranty for your peace of mind. Enjoy the flexibility of a bespoke down-payment plan tailored to your needs. Don't miss the chance to own a piece of Land Rover luxury with a 16"" rim size and an elegant design that's built to impress. Contact us today and drive away in style! Equipment: • Rim size 16″ • Beige interior Payment Methods: • Cash • Cryptocurrency • Bank financing (cars from 2018 and above) • In-house financing DD ID: 419-BACYY",https://dbz-images.dubizzle.com/images/2024/03/15/af9594c6dd8a4c6aa1a7bec91c12f80a-.jpeg?imwidth=800,119750.0,68000.0,suv,automatic,
4,2019,mercedes-benz,e-class,e 400,MERCEDES E 450 COUPE 2019 JAPANESE SPECS,"Model - 2019 Mileage - 56,000 KM Grade - 4.5 B +971568992992 Japanese Specs Clean Title Scratch Less Car Fresh Import No Paint No Accident Lane assist Radar Adaptive Cruise Control Heads Up Display Auto park 360 ° Camera Sunroof AMG Rims Brumester Surround Sound System",https://dbz-images.dubizzle.com/images/2024/05/19/c47ef9ac50f548b580033ad92d14bd0c-.heic?impolicy=dpv,,56000.0,coupe,,
5,2017,mercedes-benz,c-class,c63 amg,MERCEDES C 63 COUPE AMG 2017 JAPANESE SPECS,Model - 2017 Mileage - 48000 KM Grade - 4.5 B +971568992992 Japanese specs Low mileage V8 4.0 biturbo Panoramic sunroof Red / black interior Lane assist Adaptive cruise control Radar Paddle shifter Ambient light Brumester surround sound system,https://dbz-images.dubizzle.com/images/2024/05/21/da4cdbd841dd4516a83c409a372d79c8-.jpeg?impolicy=dpv,,48000.0,coupe,,
6,2018,mini,cooper,cooper,"Mini Cooper 2018 GCC 120,000 km 30500",Mini Cooper Mini Cooper 2018 1.5L GCC in good condition keyless open keyless start parking sensor Bluetooth panoramic roof and many more options.,https://dbz-images.dubizzle.com/images/2024/06/29/f2d53b92a5fb4bbbb9a80777a1b17efd-.jpeg?impolicy=dpv,30500.0,120000.0,,,
7,2024,mercedes-benz,g-class brabus,other,P900 ROCKET ONE OF TEN - 2024 OFFICIAL MY (LAST UNIT OF PRODUCTION),"BRABUS P900 ROCKET (1 of 10) LAST UNIT OF PRODUCTION Contact us for more information. 0503900650 Visit our showroom: Stoub Biz Motors, Showroom 50, Block 5, Al Aweer Auto Market (New), Ras Al Khor, Dubai. Check our website to view our full inventory: www.stoubbiz.ae Follow us on Instagram https://www.instagram.com/stoubbizmotors?igsh=MWxiNXUxYnBtN200bQ== STOUB BIZ MOTORS LLC Stoub Biz Motors LLC specializes in procuring the finest luxury motorcars in the world for our local, regional, and international clients. With over 20 years of experience in the sport, exotic, luxury, and supercar business, we maintain close ties with the top manufacturers and importers. This gives us an edge to secure even the hardest-to-find vehicles at special prices – in both regular and rare editions. We can obtain new models that are sold out, available elsewhere only on long waitlists, supercars loaded with space-age technology, and the latest accessories and sports cars with racing-car performance and luxury-car comfort. ‎ستوب بيز موتورز ذ م م متخصصون في شراء أرقى السيارات الفاخرة في العالم لعملائنا المحليين والإقليميين والدوليين. أكثر من 20 عامًا من الخبرة في السيارات الرياضية، والسيارات الفاخرة، والسيارات الخارقة، نحافظ على علاقات وثيقة مع كبار المصنعين والمستوردين. وهذا يمنحنا ميزة تأمين السيارات التي يصعب العثور عليها بأسعار خاصة - لكل من الإصدارات العادية والنادرة. يمكننا الحصول على الطرازات الجديدة غير المتوفرة في أماكن أخرى الا على قوائم الانتظار الطويل، والسيارات الخارقة المحملة بأحدث التكنولوجيا والإكسسوارات والسيارات الرياضية م",https://dbz-images.dubizzle.com/images/2024/08/02/9f18551506e54f2facecedc6d2419a09-.jpeg?impolicy=dpv,,,,,
8,2016,porsche,cayenne,gts,2016 Cayenne GTS fully loaded GCC,"Am the second owner, all services done on time, its the GTS edition, fully loaded with all the options, mechanically in great condition, please call for more information . Please no dealers",https://dbz-images.dubizzle.com/images/2024/10/05/d0dcc92d67f94d649c985428a82199e1-.jpeg?impolicy=dpv,,,,,
9,2022,bentley,bentayga,other,"BENTLEY BENTAYGA FULL MANSORY, 2022. FULLY LOADED, EXCELLENT CONDITION","BENTLEY BENTAYGA FULL MANSORY, 2022, FULLY LOADED, EXCELLENT CONDITION",https://dbz-images.dubizzle.com/images/2023/07/12/1c2e96a26dc446ef8a7963384f691483-.jpeg?impolicy=dpv,,,,,
10,2017,rolls-royce,dawn,standard,"2017 ROLLS ROYCE DAWN DONE 42,000KM GCC","2017 ROLLS ROYCE DAWN DONE 42,000KM GCC About us: Welcome to Al Qalam Motors Our showroom is located in the heart of Dubai’s automobile trading, Sheikh Zayed road . At Al Qalam Motors we hold a distinguished inventory of the leading luxury and super sports cars as well as UAE’s favorite brands and models. Please feel free to stop by our showroom any time to speak to one of our experienced sales representatives, or check our up to date inventory online. Selling your car? Are you looking to sell your car, or trade it in for something new? Please don’t hesitate to contact us Our Services : -Trade in your car- RTA approved – A warranty can be arranged – A service contract can be arranged – Finance can be arranged - Insurance can be arranged Al Qalam Motors l Q Motors ""Your Destination to True Luxury • Luxurious Automotive Wholesaler • Specialized in New and Pre-owned Luxury Cars • Buy, Sell, and Trade-In""",https://dbz-images.dubizzle.com/images/2023/07/20/959b4ecd8f11460babe438838987f143-.jpeg?impolicy=dpv,,42000.0,,,
11,2016,nissan,altima,sv,Nissan Altima GCC 2016 SV mid option Accident free excellent condition,Nissan Altima GCC 2016 SV mid option excellent condition Location & RAK,https://dbz-images.dubizzle.com/images/2024/01/09/e79d249850244d468b97a3ca1590bd2e-.jpeg?impolicy=dpv,,,,,
12,2019,mazda,3,s grade,Mazda 3 2019 Model GCC Spec Excellent Condition Single Hand Used Car For Sale,"PRICE REDUCED 35000 AED Mazda 3 2019 Model Scratch less exterior Model, 1.6 ltr engine less fuel Consumption car is for sale 100% Accident Free In Perfect Condition (Electrical and Mechanical) Only Single hand driven GCC Specification Cruise Control Bluetooth Systems ABS Brake Systems Parking Sensors Keyless Entry USB Pot Audio Aux In Fully Automatic Power Mirror Power Windows Power Steering Central Lock Systems Extra Clean Interior Call to view 052 7993306 Bank Auto finance can be arrange at 0% down payment and below fees also can be cover in auto finance. (Bank Processing fee, Evaluation Fee RTA Test/Registration fees, Comprehensive Insurance) Salary Required:- AED 3000/-(WPS) Saving and current both account are acceptable for Auto Loan Cheque Book not required No Salary Transfer Required Auto loan offer for Non-listed Companies also Monthly Installment is less than Monthly Car Rental Required Document:- Passport Copy and Visa Page copy Emirates ID Copy Driving License Salary Certificate (AED 3000 and More) Contact for more details Call 052 7993306",https://dbz-images.dubizzle.com/images/2024/03/13/b16a4b5d793f4090b168dc85e51c943a-.jpeg?impolicy=dpv,35000.0,,,,
13,2020,renault,megane,rs,Top Range 2020 Renault Megane RS GCC,"2020 Renault Megane RS Renault Megane RS ▪ 2020 Payment:  AED 54,500 ------------------------------------------------------------------------ Odometer: 111,000 KM Service History: Partial Agency Maintained Specs: GCC ------------------------------------------------------------------------ Car Details:  Year Model: 2020  Trim: Megane RS  Engine: V4 1.8TC  Transmission: 6 Speed Automatic  Horsepower: 280hp / 0-100  5.8s ------------------------------------------------------------------------ Options:  Xenon Headlights  Navigation  Rear camera  Electric sunroof  Alcantara Recaro seats  Parking sensors  Bose sound system  Blind spot indicators ------------------------------------------------------------------------ Extra Expenses:  Approx. 2.5% for Car insurance.  AED 1,000 – Evaluation.  AED 1,200 – RTA/Car registration fee. ------------------------------------------------------------------------ Location: Ready2Ride Motors – Dubai Investment Park Contact: +971-52-33 88 389 WhatsApp: +971-52-33 88 389 Website: www.ready2ride.ae ------------------------------------------------------------------------ With Ready2Ride Motors, you will get remarkable service. Our goal is to give customers all care, attention, and guidance for smooth ride experience. Our specialist team selects the most reliable pre-owned vehicles in the UAE. Trustworthy, Quick and Hassle-free. ------------------------------------------------------------------------ Sell Your Car:  We pay cash and pay for Bank early settlements.  Sell your car for the best market price now and get your cash.",https://dbz-images.dubizzle.com/images/2024/08/10/8b5179cec3c64757b53a879f37707491-.jpeg?impolicy=dpv,54500.0,111000.0,,automatic,
14,2020,mercedes-benz,c-class,c200,2020 | MERCEDES Benz | C 200 | GCC | EXCELLENT CONDITION |,"2020 | MERCEDES Benz | C 200 | GCC | EXCELLENT CONDITION | 19-inch black wheels Blind-spot monitoring Five surround cameras Self-parking system Panoramic roof Power-operated rear trunk Digital light projector 64-color interactive lighting Electrically-controlled seats with memory Digital gauge with customizable display Various driving modes Heated front seats Navigation system Apple Carplay Android Auto Wireless phone charger Steering wheel control Dedicated areas for child seat installation Smart Entry **THE (7SEVEN LUXURY) - THE TRUE DEFINITION OF LUXURY ** Multi brand dealer with decades of experience in the UAE for new and pre-owned luxury vehicles. ** We are committed to providing exceptional service in every part of our business, as customer satisfaction is our top priority. **For more details follow us on INSTA ""sevenluxury.ae"" and visit our showroom in Al Quoz industrial area 3 Dubai. CALL OR WHATSAPP: Aamir 0509758560.",https://dbz-images.dubizzle.com/images/2024/09/11/6cd4fca7e9074a588c55ecdc05a15f05-.jpeg?impolicy=dpv,,,,,
15,2020,rolls-royce,cullinan,standard,2020 I ROLLS ROYCE I CULLINAN I MANSORY KIT I TWO TONE INTERIOR I FULLY LOADED I IMMACULATE CAR,"1,349,999 AED / 25,683 AED per Month with 20% Down Payment over 5 Years. 0% Down Payment option also available (subject to lender terms &conditions). ________________________________________ The 2020 Rolls Royce Cullinan Mansory is a bespoke luxury SUV featuring customizations by Mansory. Expect unique aerodynamic body kits, upgraded wheels, personalized interiors with premium materials, and potential performance enhancements. Mansory's touch adds exclusivity and a distinctive flair to this already opulent vehicle. ________________________________________ Model: 2020 Exterior Color: Black Interior Color: Black and orange Odometer: 18,845 (kms) WARRANTY AVAILABLE Specification: Other Cylinders: W12 Option: CULLINAN MANSORY ________________________________________ Key Features: – carbon fiber – Mansory Alloys – 360 Camera – Front and Rear Sensors – Navigation – Electric Seats – Memory Seats – Burmester Sound – Cruise Control – Speed Limiter – Android Auto – Apple CarPlay – DRL – Digital Dash – Lane Assist – Ambient Lighting – Ventilated Seats Plus many more features… ________________________________________ For more details, please don’t hesitate to contact us: Enquiry Line: +971563976999 Land Line: +97142695444 ________________________________________ Storage Address: 1 4th St – Al Quoz – Al Quoz Industrial Area 3 – Dubai, United Arab Emirates. ________________________________________ Opening Hours: Monday-Friday: 9 am to 9pm Saturday: 9am – 8PM Sunday: 12pm – 8pm ________________________________________ Welcome to The Car Superstore, the ultimate destination for luxury vehicles in the UAE. Owned by a British expat with over 14 years of automotive experience in the UAE and over 30 years of international expertise, we bring unparalleled knowledge and expertise in motor in",https://dbz-images.dubizzle.com/images/2024/01/17/3884cf79775e422a9c6df1a6c6d75761-.jpeg?impolicy=dpv,1349999.0,18845.0,suv,,
16,2009,mitsubishi,pajero sport,other,Mitsubshi pajero 2009 red color GCC calen car,Pajero 2009 red color GCC calen xar,https://dbz-images.dubizzle.com/images/2024/05/27/376161cbda734f66ab2c169b9d3fa619-.jpeg?impolicy=dpv,,,,,
17,2020,bentley,continental,gtc mulliner,2020 | BENTLEY | CONTINENTAL | GTC | W12 | FULL OPTION | EXCELLENT CONDITION |,"2020 | BENTLEY | CONTINENTAL | GTC | W12 | FULL OPTION | EXCELLENT CONDITION | **Transmission - 8 Speed Dual Clutch Transmission with Active All-Wheel Drive Spec - European Horse power - 542 Hp Max Speed - 198 mph/ 318km/h Acceleration - 0 -100 km/h in 4.0 seconds Engine - 4.0L V8 Twin Turbo **EXTRA OPTIONS Bentley Rotating Display Welcome Lighting Ambient Lighting Coupe Convertible LED Matrix Headlamps Remote Controlled Garage Door Opener **Naim for Bentley - PREMIUM AUDIO SYSTEM - 18 Speakers - 2200w - 8 Different DSP Modes - Apple Car Play Continental GTC Specification **Touring Specification - Head Up Display - Night Vision - Active Cruise Control - Lane Assist - Lane Departure Front Seat Comfort Specification - Adjustment Headrest - Ventilation and Massage Function - Moving Headrest - Adjustable Cushion Length - Adjustable Side Bolster -Mulliner Driving Specification with - Contrast Binding to Carpet Overmats - Contrast Stitching and Seat Piping - Black and Polished Edge Wheel - Mulliner Range - Solid and Metallic - Contrast Seatbelts - by Mulliner **THE (7SEVEN LUXURY) - THE TRUE DEFINITION OF LUXURY ** Multi brand dealer with decades of experience in the UAE for new and pre-owned luxury vehicles. ** We are committed to providing exceptional service in every part of our business, as customer satisfaction is our top priority. **For more details follow us on INSTA ""sevenluxury.ae"" and visit our showroom in Al Quoz industrial area 3 Dubai",https://dbz-images.dubizzle.com/images/2024/06/20/6436315e640b4dff9d204c789622c3c1-.jpeg?impolicy=dpv,,,,automatic,
18,2016,infiniti,q50,other,Infinite Q50 2016 (New condition),"Infinite Q50 2016 New condition for sale -Full Option -GCC -Full services history -No Accident -No paint -New tyres No mechanical problems & recently‏ ‏Serviced WANT TO SELL YOUR CAR QUICKLY FOR CASH? Feel free to whatsApp the details & Pictures. WE ARRANGE FREE FINANCE WITH 00 DOWN PAYMENT Required documents:- 1. Salary certificate 2. Last three months bank statement (with the stamp) 3. PP/ Visa/ Emirates ID/ DL Copy (Front and Back) Kindly visit to our showroom for more details. To see our cars from your mobile device, In dubizzle, under the search filter, select (Al Asad Automobiles) To check out our stock, or If it's a PC, click on our ""LOGO"" (Al Asad Automobiles) to see our stock.",https://dbz-images.dubizzle.com/images/2024/07/01/7af03e1acca04cd89391b39599cf277d-.jpeg?impolicy=dpv,,,,,
19,2018,bmw,x1,xdrive20i,Bmw x1 d 2018 full option original paint,"CAR BRAND: BMW CAR TYPE: X1 xDrive 20d CAR MODEL: 2018 Specs: KOREA -السيارة بدون حوادث | Free Accident -صبغ وكالة | Original Paint ----------- MILEAGE: 93,000 KM Full Option (Panoramic roof) ENGINE SIZE: 2.0 L + Turbo HORSEPOWER: 178 CYLINDER: 4 CC: 1998 ----------- *الأداء* محرك 4 سلندر بقوة 178 حصان 8 سرعات القير الأوتوماتيكي سعة المحرك 2.0L *المواصفات الإضافية* • 4 وضعيات قيادة • نظام الدخول الذكي •نظام القيادة الآلي •نظام الفرامل المفاجئ •نظام تنبيه عند الخروج عن المسار •نظام المحافظة على المسار • كاميرا خلفية • المقاعد متحركة كهربائياً •شاحن تلفون وايرلس •نظام النقطة العمياء • سقف بانوراما •Navigation •تبريد وتسخين في المراتب •مثبت سرعة •حساسات أمامية وخلفية •بصمة تشغيل •بصمة دخول •أضواء أمامية LED •نظام مراقبة ضغط الإطارات •نظام الذاكرة لحفظ وضعيات المقعد •نظام متطور لتوصيل الهاتف الذكي •آبل كار بلاي/آندرويد أوتو •خاصية إغلاق المحرك عند التوقف لفترات قصيرة _______________________________________________ ""السيارة نظيفة مع إمكانية التمويل البنكي والتصدير لجميع دول العالم"" 《الأوراق المطلوبة للتمويل》 1.كشف حساب آخر 3 شهور 2.شهادة الراتب 3.صورة عن جواز السفر والهوية والليسن<b",https://dbz-images.dubizzle.com/images/2024/08/19/a45a1a300c8d41ee9b1714913a46d050-.jpeg?impolicy=dpv,,93000.0,,,
20,2014,ford,mustang,v6,2014 FORD MUSTANG SOFT TOP CONVERTIBLE 3.7L IN VERY EXCELLENT CONDITION,"2014 Ford Mustang 3.7L 6 Cylinders 300 BHP ------------------------------- American Specifications 164,000 kms ------------------------------- 1. Silver with Fabric interior 2. Climate control 3. Cruise Control 4. Bluetooth System 5. Tiptronic Gears 6. Soft top convertible 7. Keyless Entry 8. Rear Parking Sensors 9. Fog Lights 10. Dual Exhaust ----------------------------- AED 21,500/- ------------------------------- FOR MORE DETAILS CAL OR WATSAPP:- +971558251199",https://dbz-images.dubizzle.com/images/2024/02/08/109fa2e19ba44475acfdb5b3413de1de-.jpeg?impolicy=dpv,21500.0,164000.0,convertible,automatic,
21,2011,lincoln,mkx,luxury,Lincoln MKX 3.7L Petrol (2011) Import From Japan,"2011 Lincoln MKX – Stylish, Well-Maintained, and Low Mileage Step into luxury and performance with this 2011 Lincoln MKX. Powered by a 3.7L Petrol Engine, this stylish SUV offers comfort, power, and an unforgettable driving experience. With only 142,774 km, this Japan-imported vehicle is well-maintained, accident-free, and ready for its next owner. 3.7L Petrol Engine – Powerful, smooth performance Only 142,774 km – Low mileage for its year Black Exterior / Black Interior – Sleek, sophisticated design Fully Automatic Transmission – Seamless driving experience Climate Control – Personalized comfort for every journey Fog Lamps – Increased visibility and style Well Maintained – Both interior and exterior in excellent condition Japan Import – Known for high-quality, reliable vehicles Clean Title & No Accident – Guaranteed peace of mind The Lincoln MKX is a perfect blend of performance, luxury, and practicality. Whether you’re commuting or embarking on a road trip, this SUV provides both comfort and versatility. Ready to experience it for yourself? Contact me today to schedule a test drive!",https://dbz-images.dubizzle.com/images/2024/05/10/aa35917f62e64126b7e4e7222ee987a9-.jpeg?impolicy=dpv,,142774.0,suv,automatic,petrol
22,2024,aston martin,dbx,707,TIMELESS CERTIFIED / 2 Year Warranty / 2 Year Service Contract,"**TIMELESS CERTIFIED PRE-OWNED PACKAGE** * 2 YEAR WARRANTY UNLIMITED KM * 2 YEAR SERVICE CONTRACT (16000 Km or 1 year, whichever comes first) * CERTIFIED HISTORY AND MILEAGE * QUALITY ASSURED ASTON MARTIN GENUINE PARTS * MULTI-POINT PRE-DELIVERY HARDWARE & SOFTWARE CHECK * SERVICING COMPLETED * 12 MONTHS OF ROADSIDE ASSISTANCE * COMPLEMENTARY REGISTRATION * Bank Finance option availalble",https://dbz-images.dubizzle.com/images/2024/06/10/43c8a73813a9474a8a12f74365db73e8-.jpeg?impolicy=dpv,,,,,
23,2017,nissan,x-trail,sl,NISSAN - X.TRAIL - AWD - 2.5 L,سيارة نيسان اكس تريل الأكثر استعملا بالإمارات باللهوم الأبيض لاتحتاج إلى اي صيانة ولا اصلاح مع قابلية الاقساط داخل المعرض من دون اللجوء إلى البنك,https://dbz-images.dubizzle.com/images/2024/08/04/106ce38874d145588c018087c444a2ec-.jpeg?impolicy=dpv,,,,,
24,2013,bentley,flying spur,speed,BENTLRY CONTINENTAL FLYING SPUR SPEED 2013 GCC VERY LOW MILEAGE,Bentley continental flying spur speed 2013 gcc full option perfect condition original paint single owner 2 keys full agency service very low mileage no have any problem no have any accident like new condition for more information 00971508809946,https://dbz-images.dubizzle.com/images/2024/10/05/23ea045c350e484184c384068762e87b-.jpeg?impolicy=dpv,,,,,
25,2018,bmw,x6,x6m,2018 BMW X6M || full agency service || 4.4L 567 HP || ORIGINAL PAINT|| ACCIDENT FREE || CARPLAY ||,"2018 BMW 4.4L X6M TOP OF THE RANGE 567 HP FULLY LOADED No accidents , no repaints Fully serviced at agency Newly major service done at bmw AGMC and new shocks , new brake discs , new brake pads chnaged Some options : CarPlay and touch screen 5 cameras lane departure assistant radar , Anti collision system Adaptive cruise control Moving object detection system And all whatever expected",https://dbz-images.dubizzle.com/images/2024/10/09/1478707b7fee4e40b0bf2c9bb1d0e952-.jpeg?impolicy=dpv,,,,,
26,2022,lincoln,aviator,luxury,Lincoln Aviator Luxury SUV 2022 korea specs,- ستارة - رادار - النقطة العمياء - كراسي مساج- كراسي تبريد وتسخين - نظام مساعدة السائق -كاميرا 360 -حساسات -بروجكتر- 64 لون داخلية -السيارة بحالة ممتازة - امكانية تمويل جميع البنوك -امكانية تمويل بدون دفعة اولى -امكانية تأجيل القسط الاول ثلاث اشهر - امكانية توفير تأمين شامل و ضدالغير - لمزيد من التفاصيل تواصل 0097153946040 ‏Instagram ‏‎‏panamera_motors ‏https://instagram.com/panamera_motors?igshid=i8p2suyattmr ‏-Website ‏https://www.panamera-motors.com/our-cars/ ‏‎‏Snapchat ‏‎‏panamera_motors ‏https://www.snapchat.com/add/panamera_motors ‏Facebook ‏https://www.facebook.com/panameramotorsuae/ ‏Locatio ‏Panamera motors ‏‎شارع رقم 5 - الشَّامْخَة - أبو ظبي ‏https://goo.gl/maps/LJULAdUKsEtjTFaq7,https://dbz-images.dubizzle.com/images/2024/10/17/8669aaf030b14b5f89541ec64e78360b-.jpeg?impolicy=dpv,,,suv,,
27,2019,mercedes-benz,glc coupe,other,Mercedes GLC 250 Coupe 2019 Partial Service History GCC,"- Mercedes GLC 250 Coupe - 2019 - GCC Specs - 75500 km - 2.0T 4 Cylinder - Silver exterior with Red Leather Interior - Full Service History Do not hesitate to call us for any info! • Saif (عربي - English): +971522051890 • Dhinakar (Tamil - Hindi - English): +971525368168 • Attia (عربي - English): +971525384938 • Amer (عربي - English): +971525390890 We also provide: - Car Financing, Buying and trading. - Car insurance - Worldwide export - Window Tint - Ceramic Coat & Detailing Our showroom is open all week long from 9.00am to 8.00pm Oasis Cars, Showroom 244, Dubai Auto Zone, DUCAMZ - Ras Al Khor - Dubai https://goo.gl/maps/mscP8HEQsjNVayuJ8",https://dbz-images.dubizzle.com/images/2024/10/24/573655b8700f45efab90e162e300a669-.jpeg?impolicy=dpv,,75500.0,coupe,,
28,2025,hyundai,tucson,gl,2025 Hyundai Tucson 0km,Perfect inside and outside Call 0508847769,https://dbz-images.dubizzle.com/images/2024/10/25/b5248067464846098bb78c2db79a1139-.jpeg?impolicy=dpv,,0.0,,,
29,2023,peugeot,landtrek,other,From 1099 Pm. Massive Price Drop. Free Manufacturer Warranty,"At SWAIDAN MOTORS AL NABOODAH we have a wide range of models and leading brands to choose from. We take pride that our cars go through rigorous checks by trained experts and are prepared to the highest quality standards. For additional peace of mind, all our cars come with 1 year’s warranty. We price our cars competitively for all brands and also arrange the most competitive finance and insurance rates. Prices Includes 5 % VAT. • Sell your car to us! • We will offer you the best market price for your car. • Cash payments or finance settlements available. Showroom timing: Mon to Sat : 9:00 am to 8:00 pm Sunday: 4:00 pm to 8:00 pm OVER 300 USED CARS IN STOCK * SWAIDAN MOTORS : 00971 562 240 080 / 00971 4 346 5039 / 00971 506 224 845 / +971 43306111 Sheikh Zayed Road, Dubai UAE Our website : www.swaidanmotors.com Our Facebook : https://www.facebook.com/SwaidanMotors/ T&C apply Auto Agent Details: Name: AL NABOODAH - SWAIDAN MOTORS",https://dbz-images.dubizzle.com/images/2024/08/21/3a0f7b1bcf1045ed933c82b68b772bb3-.jpeg?impolicy=dpv,,,,,
30,2018,rolls-royce,phantom,standard,STARLIGHT | TWO TONE INTERIOR | WOOD TRIM INTERIOR | LOW MILEAGE | PHANTOM,"Feel free to contact us for more information. Come visit our new location at ***EXOTIC CARS SHOWROOM MSM 1 Building Al Safa First, Sheikh Zayed Road, Dubai We have an inventory of over 400 luxury and supercars for sale in Dubai. Visit our website to view our full inventory: http://www.exoticcars.ae Like & Follow Us instagram/exoticcarsdubai",https://dbz-images.dubizzle.com/images/2024/09/17/5b43d43b87754ee68a658705d32f80b5-.jpeg?impolicy=dpv,,,,,
31,2016,jaguar,xe,r-sport,Jaguar xe F sport GCC 2016,جاكور بحالة ممتازة جدا,https://dbz-images.dubizzle.com/images/2024/10/25/74c989aa68474f49bb645be7e0c24569-.jpeg?impolicy=dpv,,,,,
32,2019,jaguar,f-pace,prestige,"GCC | 1,400 AED Monthy | Free Insurance + Registration | Warranty Till 2027 | Ref#A395886","Jaguar F-Pace 25T AWD Model : 2019 Odometer : 100,271 Kms Warranty : 3rd Party (3 Years) Specification : GCC Cylinders : V4 2.0L ------------------ Our flexible payment plans are bank auto loans. Option 1 - AED 1,750 monthly for 4 years with 0% Down-Payment / flexible. Option 2 - AED 1,400 monthly for 4 years with 20% Down-Payment / flexible. Option 3 - AED 70,000 cash And First Installment After 3 Month. ------------------ Contact us for more information, And to schedule a test drive: • (+971) 0542211117 ( English & Arabic) Wer'e Located at AL WAHADA ST. NEXT OF KING FAISAL BRIDGE, Souq Al Haraj in Sharjah, Mohammed Bin Zayed Road, behind Tasjeel ‎Village.‎ Showroom NO: #10 , #41 , #146 And #245 ------------------ Showrooms Timing :‎ • Sat-Thur : 10:00 AM TO 10:00 PM‎ • FRI : 4:00 PM TO 10:00 PM -------------------- A name you can trust, Welcome to Al Qassem Group Showrooms, We've been in the auto industry for 23 ‎years in UAE, 15 years in Jordan, And more than 30 years in Iraq. We won the Dubizzle (Legend) Sharjah showroom of the year 2022 And 2023 And multiple of Top seller of the month by Dubizzle ----------------- Follow Us on: Facebook : Al Qassem Group Instagram : Alqassem_group_luxury_cars Snapchat: alqassem-group TikTok : alqassemgroup -------------------- Our Service : ( VIP ) • Flexible finance and insurance options . • Expert sales and after-sales support . • Car registration assistance . ( Insurance - Examination - Registration ) . • Export deals and services available . • we can deliver the car to any where on UAE ------------------ What we offer : ( Easy Financing ) • Buy your car from al qassem group without down payment, The first installment after 3 Months. • Approved bank finance Available. • Excellent services 24 hours a day. ------------------ Employed : • Salary Ce",https://dbz-images.dubizzle.com/images/2024/11/07/d301a3fe41cb41d0b9fe1d429b375b84-.jpeg?impolicy=dpv,70000.0,100271.0,,,
33,2020,mercedes-benz,c-class,c300,Mercedes-Benz C300 // Brandnew condition,Brandnew condition Pre-Owned Fully loaded,https://dbz-images.dubizzle.com/images/2024/11/19/e19a0a5d5aff49cb97dd3e47c7d2d156-.jpeg?impolicy=dpv,,,,,
34,2023,mercedes-benz,c-class,c43 amg,"2023 - C43 STATION AMG - IMMACULATE CONDITION - ONLY 4,000 KM DONE","Very Clean Mercedes Benz C43 STATION AMG •Only 4,000Km •Year 2023 •Trade In Option Available •Guarantee , Clean Title and No Accident •Well Maintained •SILVER Color •Both the Interior And Exterior Is Clean •Fully Automatic •Audio Control On The Steering Wheel •Climate Control •Fog Lamps And A Lot More... •Car Reference : CP Why Car Point FZE ? *Over 100 luxury Japanese Imported cars at the most competitive prices *More than 3,000 happy customers worldwide *We have a team of friendly, multilingual and professional sales executives *Convenient financing options *Value for your money *Peace of mind is guaranteed ___________________________________ Find Us on Google Maps ( Copy Link and Paste on Ur Browser ) http://bit.ly/38F01AR Or Search Car Point FZE on Google Maps For more details feel free to contact us at: Show Phone Number Show Phone Number FOLLOW US ON INSTAGRAM https://www.instagram.com/carpointfze/ ___________________________________ Why Japan Imported Cars • Higher Version Used Cars • Low Depreciation • Most Reliable • More Eco-Friendly • Easy Maintenance • Availability Spare Parts • Low Mileage Considering Local Used Cars ___________________________________ Our Service • RTA Registration Assistance • Insurance Service • After Sales Service • Export To any Country. • Delivery of Car any Where in U.A.E ____________________________________ Address: Car Point FZE Show Room Number 345 Dubai Auto Zone Ras Al Khor Dubai. Opening Times: Saturday to Thursday 09:00am-8:00pm. Friday 02:00pm-8:00pm ___________________________________ The Car Point FZE , offering the largest stock of pre-owned Japanese Imported Cars , has proven itself over the years as a force to be reckoned with in the Dubai market. The outstanding quality of our products and customer serv",https://dbz-images.dubizzle.com/images/2024/11/20/57bd2efb5c5a41e08944b2949e958d41-.jpeg?impolicy=dpv,,4000.0,,automatic,
35,2017,mini,cooper,s,ميني كوبر 2017 S,.,https://dbz-images.dubizzle.com/images/2024/12/04/79361b583f854d6cb6e191681ba566e7-.jpeg?impolicy=dpv,,,,,
36,2020,mercedes-benz,g-class,other,"MERCEDES G63 URBAN, 2020, FULL OPTIONS, EXCELLENT CONDITION","MERCEDES G63 URBAN, 2020, FULL OPTIONS, EXCELLENT CONDITION",https://dbz-images.dubizzle.com/images/2022/10/19/dcb4eyzhbsxi3-DUBIZZLE.jpeg?impolicy=dpv,,,,,
37,2019,chevrolet,camaro,other,"2019 V6 Original Chassis condition ( No Repair), New Tires, 2 Keys.",Chassis number: 1G1FB3DS5K0128165 Excellent condition Regularly serviced New tires 2 keys,https://dbz-images.dubizzle.com/images/2023/10/14/2ff3fea8f5e8470b892bd24ddd4eb850-.jpeg?impolicy=dpv,,,,,
38,2022,ferrari,sf90 spider,other,2022 Ferrari SF90 Spider Assetto Fiorano Package,2022 Ferrari Sf90 Spider Assetto Fiorano Package Exterior: - Finished in Giallo Triplo Strato (Triple Layer Yellow) - Two-Tone Body Work (Upper Part in Black) - Scuderia Ferrari Sheilds - Black Tailpipes Tips Exterior Carbon Details: - Front Spoiler in Carbon Fibre - Side Air Splitter in Carbon Fibre - Rear Diffuser in Carbon Fibre - Under Door Cover in Carbon Fibre Wheels: - Carbon fibre Wheels - Yellow Brake Callipers - Wheel Stud Bolts in Titanium Interior: - Finished in Nero (Black) Leather & Alcantara Interior with Giallo (Yellow) Stitching - Central Part of Seats in Alcantara - Inner Details in Colored Alcantara - Carbon Fibre Racing Seats - Racing Seat Lifter - Carbon Fibre Driver Zone + LED’s - Carbon Fibre Instrument Cover - Carbon Fibre Rear Shelf - Upper Part of Centre Console in Carbon Fibre - Dash Inserts in Carbon Fibre - Colored Saftey Belts in Yellow - Cavallino Stitched on Headrests Equipments: - Fiorano Package - Extended Fiorano Package - ADAS Full Pack - Surround View - Front and Rear Parking Sensors Technical specification: - 4.0L V8 Twin-Turbocharged Engine + eMotor - 8 Speed Dual-Clutch Automatic Transmission - 986 Horsepower comb. - 800 N.M of Torque - All-Wheel Drive - 0 to 100 KM/H approximately 2.5 s - Top Speed 340 KM/H For any inquiry Contact us 800 F1RST (31778) (FMC-10955),https://dbz-images.dubizzle.com/images/2023/11/27/1955379c4c6d47e980b6af86aa79f09a-.jpeg?imwidth=800,,,,automatic,
39,2015,maserati,ghibli,s,AMAZING BLUE COLOR MASERATI GHIBLI SQ4 V6 || GCC || FREE ACCIDENT || HIGHEST CATEGORY || LOW MILEAGE,"ALHOOT MOTORS DEALS WITH GCC CARS ONLY! Inclusive • 1 Free Service • 1 Detailing & Car Care • 1 Year Free Insurance (FOR CASH DEALS ONLY) Best Masarati Ghibli in UAE - Highest Category - Recently Serviced - Mechanical Issue Free - 4 New Condition Tires - Original Keys - Full Service - Guaranteed Accident Free - Clean & Neat Inside/Outside - Single Owner - Major Service Done ----------------------------------------------- We are Open Saturday to Thursday from 9:00am to 10pm | Friday from 4:00pm to 10pm ----------------------------------------------- For more details, please contact us directly +971561800013 ----------------------------------------------- Address: Souq Al Haraj, Showroom 58, Along Mohammad Bin Zayed Road, Sharjah, United Arab Emirates Find us on Google Maps ""ALHOOT MOTORS"" https://maps.app.goo.gl/9DwNFydePrRXmt7b6 ----------------------------------------------- Selling Your Car to Us: We accept GCC cars for trade in, our team will be more than happy to help. ----------------------------------------------- Follow us on our Social Media Pages الحوت موتورز - ALHoot Motors https://shorturl.at/JLPX7 Instagram: @alhoot.motors https://shorturl.at/bLQS4 Tiktok: @alhoot.motors https://shorturl.at/exL35 ----------------------------------------------- We do Bank Finance also - Employed - Self-Employed - Company ----------------------------------------------- ""DON'T DREAM IT, DRIVE IT with ALHOOT MOTORS""",https://dbz-images.dubizzle.com/images/2024/01/29/48426f8591004708b1ba1c50b6bca89d-.jpeg?imwidth=800,,,,,
40,2024,mercedes-benz,gls-class,gls 450,Mercedes-Benz AMG GLS450 SUV | New Facelift | GCC | 5 Years Gargash Auto Warranty Service Cont,"Mercedes-Benz GLS450 SUV, New Facelift, GCC Specs, 2024 Model, 21"" Alloy Wheels, 5 Years Gargash Auto Warranty and 3 Years Service Contract *** Special Offer *** -- 5 Years Gargash Auto Warranty and 3 Years Service Contract -- Free Registration -- 3rd Party Insurance -- Free Tinting -- 2 Years Road Assistance -- Full Ceramic Coating AMG body styling package 3.0L turbocharged inline-6 engine EQ Boost mild-hybrid technology 4MATIC all-wheel drive 9G-TRONIC automatic transmission AIRMATIC air suspension AMG alloy wheels Panoramic sunroof LED Intelligent Light System MBUX infotainment system Dual 12.3-inch digital displays Voice control system Apple CarPlay & Android Auto Wireless charging Navigation system Burmester® surround sound system Ambient interior lighting Leather upholstery Heated & ventilated front seats Power adjustable seats with memory 7-seat configuration EASY-ENTRY third-row access Four-zone climate control Adaptive cruise control Lane keeping assist Blind spot monitoring 360-degree camera Parking assist Head-up display Keyless entry & push start Power tailgate Off-road driving modes Transparent bonnet view Front & rear parking sensors Soft-close doors **Bank Finance Option Available. After 8PM Dubai (GMT+4) message us on WHATSAPP for further details. Call or WhatsApp us for more info. +971503003137 +971568186033 +971507414157 +971522023445 FOLLOW US SO YOU’LL NEVER MISS AN UPDATE: Instagram - Facebook: laithalobaidiae VISIT OUR DUBAI SHOWROOMS: Ras Al Khor Auto Market Showroom #: 9 Ras Al Khor Auto Market Showroom #: 59 Ducamz Showroom #: 378 LAITH AL OBAIDI MOTORS www.alobaidi-cars.com >> Laith Al Obaidi Motors We have +55 years of experience in automotive dealership started on Iraq since 1968 then Extend our branches to Jordan and UAE, and we have our customer tr",https://dbz-images.dubizzle.com/images/2024/07/29/527c04b427554aeb9a89a2e6bc063ebd-.jpeg?impolicy=dpv,,,suv,automatic,hybrid
41,2021,nissan,xterra,other,2021 Xterra 4x4 - GCC - FSH - Original KM and paint,"GCC Specs 4x4 Dubai Registration 2 Original Keys 1 Owner Original Paint FSH Screen with reverse Camera No faults, No accidents, No Flood",https://dbz-images.dubizzle.com/images/2024/08/03/51a3c67fe00e435c8b64988dbfd704e5-.jpeg?impolicy=dpv,,,,,
42,2019,rolls-royce,ghost,black badge,2019 | Rolls Royce | Ghost | Black Badge | AGMC | Service Contract | 4 buttons starlights!,"A decade of experience in Luxury car selling and buying. Every model for sale has been delivered to the highest level of quality standards. DESCRIPTION • Car Name: Rolls Royce Ghost Black Badge • Spec: GCC • Mileage: 23,900 Kms • Last Service: 18/05/2026 or 23,895 Kms (AGMC) • Next Service: 18/05/2027 • Service Contract: 28/08/2028 (AGMC) This 2019 Rolls Royce Ghost Black Badge is available exclusively for sale at CV Auto! It comes with a Service Contract! Contact us now! as this will not be available for too long. CONTACT US Office: +971 4394 0068 Sales: +971 58 543 8686 Sales: +971 50 848 4841 To find out more about Who We Are & to view our latest collection Check out our website: www.cvauto.ae We welcome you to visit our showroom — open 7 days a week: * Monday to Saturday: 10 AM – 9 PM * Sunday: 12 PM - 6 PM You can also stay connected with us on Instagram: Instagram-CV Auto Facebook: Facebook-CV Auto LinkedIn: LinkedIn-CV Auto Twitter: Twitter-CV Auto Pinterest: Pinterest-CV Auto #cvauto #cvautomobile #dubaisupercars #luxurycars #cardealershipsindubai #cardealerships #usedcarsindubai #dubizzlecars #dubailuxurycardealers #usedsupercarsdubai #exoticcarsdubai #luxurycarsdubai #sportscars #usedcars #dubizzlecvauto",https://dbz-images.dubizzle.com/images/2023/12/06/ddf4e31e046342ceb766d889a75db619-.jpeg?impolicy=dpv,,,,,
43,2006,hummer,h3,other,HUMMER 2006 FULL OPTION G.C.C IN EXCELLENT CONDITION,"Neat and clean in perfect condition model 2006 g.c.c specifications full option with leather seats,electric seats,sunroof in excellent condition",https://dbz-images.dubizzle.com/images/2024/02/01/65975aa2808643c19e345862c10bad98-.jpeg?impolicy=dpv,,,,,
44,2019,land rover,range rover sport,hse,Land Rover Range Rover Sport 2019 GCC | Warranty,"Payment plans through bank finance: • AED 2,816.00 monthly for 5 years with 10% Down-Payment • AED 2,503.00 monthly for 5 years with 20% Down-Payment • AED 159,750.00 in cash For Sale: 2019 Land Rover Range Rover Sport HSE Discover luxury and performance with this 2019 Range Rover Sport HSE. Powered by a robust 3.0 L V6 petrol engine delivering 335 hp, this SUV ensures an exhilarating drive each time. Key Features: • Year: 2019 • Mileage: 102,000 km • Transmission: 8-speed Automatic AWD • Seating Capacity: 5 • Rim Size: 16″ • Condition: Good This GCC spec vehicle comes with unbeatable value, offering comfort and elegance in every journey. With warranty and flexible down-payment options available, owning this SUV has never been easier. Don't miss out on the opportunity to drive away in this exceptional Range Rover Sport. Equipment: • Rim size 16″ Payment Methods: • Cash • Cryptocurrency • Bank financing (cars from 2018 and above) • In-house financing DD ID: 4598-BACYY",https://dbz-images.dubizzle.com/images/2024/04/03/ac4471939e6c414c8b43191e4ac9ba8a-.jpeg?imwidth=800,159750.0,102000.0,suv,automatic,petrol
45,2022,mercedes-benz,e-class,e 350,E 350 1 year warranty very good condition,1 year warranty Very good condition Full options,https://dbz-images.dubizzle.com/images/2024/05/10/09f055faba824fb59b902c9c8e6c4d75-.jpeg?impolicy=dpv,,,,,
46,2009,mercedes-benz,slr,mclaren roadster,"2009 MERCEDES SLR MCLAREN ROADSTER GCC DONE ONLY 12,000km","2009 MERCEDES SLR MCLAREN ROADSTER GCC DONE ONLY 12,000km About us: Welcome to Al Qalam Motors! Our showroom is located in the heart of Dubai’s automobile trading, Sheikh Zayed road . At Al Qalam Motors we hold a distinguished inventory of the leading luxury and super sports cars as well as UAE’s favorite brands and models. Please feel free to stop by our showroom any time to speak to one of our experienced sales representatives, or check our up to date inventory online. Selling your car? Are you looking to sell your car, or trade it in for something new? Please don’t hesitate to contact us Our Services : -Trade in your car- RTA approved – A warranty can be arranged – A service contract can be arranged – Finance can be arranged - Insurance can be arranged Al Qalam Motors l QMotors ""Your Destination to True Luxury • Luxurious Automative Wholesaler • Specialized in New and Pre-owned Luxury Cars • Buy, Sell, and Trade-In""",https://dbz-images.dubizzle.com/images/2024/05/27/d6c90e7075494cac98d8d715f8c16649-.jpeg?impolicy=dpv,,12000.0,,,
47,2017,maserati,levante,s,2017 | Maserati | Levante | S | GCC Spec,"A decade of experience in Luxury car selling and buying. Every model for sale has been delivered to the highest level of quality standards. DESCRIPTION • Car Name: Maserati Levante S • Spec: GCC • Mileage: 122,090 Kms • Last Service: 22/08/2023 or 104,700 Kms (ABD) • Next Service: 22/08/2024 or 114,700 Kms This 2017 Maserati Levante S is a real head-turner and is available exclusively for sale at CV Auto! Contact us now! as this will not be available for too long. CONTACT US • Office: +971 4394 0068 • Sales: +971 58 543 8686 • Sales: +971 50 848 4841 To find out more about Who We Are & to view our latest collection Check out our website: www.cvauto.ae We welcome you to visit our showroom — open 7 days a week: • Monday to Saturday: 10 AM – 9 PM • Sunday: 12 PM - 6 PM You can also stay connected with us on Instagram: Instagram-CV Auto Facebook: Facebook-CV Auto LinkedIn: LinkedIn-CV Auto Twitter: Twitter-CV Auto Pinterest: Pinterest-CV Auto #cvauto #cvautomobile #dubaisupercars #luxurycars #cardealershipsindubai #cardealerships #usedcarsindubai #dubizzlecars #dubailuxurycardealers #usedsupercarsdubai #exoticcarsdubai #luxurycarsdubai #sportscars #usedcars #dubizzlecvauto",https://dbz-images.dubizzle.com/images/2024/07/09/54f33d00ff9b40e1ac392b25874024f8-.jpeg?impolicy=dpv,,122090.0,,,
48,2010,mitsubishi,pajero,gls,Mitsubshi pajero 2010 white color GCC Calen car,Pajero 2010 white color GCC Calen car,https://dbz-images.dubizzle.com/images/2024/08/11/5886151ccd6143d8997cbb2f2de342fb-.jpeg?impolicy=dpv,,,,,
49,2022,lamborghini,aventador,other,LAMBORGHINI ULTIMAE ROADSTER / GCC / 500 KM ONLY,"2022 LAMBORGHINI ULTIMAE ROADSTER GCC 500 KM ONLY The Lamborghini Aventador Ultimae is the final iteration of the iconic Aventador lineup, celebrating a decade of the model’s production. Here’s a detailed description of the car, including its engine specifications: Overview The Aventador Ultimae embodies the pinnacle of Lamborghini's engineering and design prowess. It merges the aggressive styling and performance of the Aventador with cutting-edge technology, providing an exhilarating driving experience. Design Exterior: The Ultimae features sharp lines and an aerodynamic silhouette, emphasizing its aggressive stance. The front fascia includes a prominent front splitter and large air intakes, while the rear boasts a striking rear wing and dual exhaust outlets. The car is available in a variety of striking colors, often accentuated with unique accents. Interior The cockpit is driver-focused, featuring a blend of luxury and sportiness. High-quality materials such as leather and Alcantara are used throughout, with options for customizable finishes. The digital dashboard provides critical performance data, while an advanced infotainment system keeps the driver connected. Engine Specifications Engine Type: 6.5-liter V12 Power Output: 770 hp (573 kW) at 8,500 rpm Torque: 720 Nm (531 lb-ft) at 6,750 rpm Transmission: 7-speed ISR (Independent Shifting Rod) automated manual transmission Drivetrain: All-wheel drive (AWD) 0-60 mph: Approximately 2.8 seconds Top Speed: Around 221 mph (356 km/h) Performance Features Chassis: The Ultimae features a lightweight carbon fiber monocoque structure, enhancing rigidity and reducing weight. Suspension: Adaptive suspension with Lamborghini's Dynamic Steering system allows for precise handling and responsiveness. Brakes: Carbon-ceramic brake system ensures excellent stopping power and performance under high stress. Technology Driving Modes: Offers multiple driving modes, including Strada,",https://dbz-images.dubizzle.com/images/2024/09/23/fa9026372dad4cc4af37f5828ee21aca-.jpeg?impolicy=dpv,,500.0,,manual,
50,2003,mercedes-benz,e-class,e 240,BENZ E240 | V6 | CLEAN CAR FRESH JAPAN IMPORT,"• Mercedes Benz E240 • Year Of the Model - 2003 • Black Interior • Low Mileage • Japan Imported • Recently Arrived • Neat & Clean Car ••••••••••••••••••••••••••••••••••••••••••••••••••••••• Follow Us On Instagram For More Luxury Cars, Just Click on the Link. https://instagram.com/mirzaautomobilefze?utm_medium=copy_link ••••••••••••••••••••••••••••••••••••••••••••••••••••••• We have Direct access more then 160 Auctions in Japan. We can buy any type or any Model of the car by your Special Order, So if you are Looking for Any type of the Car, Contact with Us or visit Our Showroom Mirza Automobile FZE, ••••••••••••••••••••••••••••••••••••••••••••••••••••••• About Us : A name you can trust, Welcome to Mirza Automobile FZE, We've been in the auto industry for 16 years in UAE, and 30 years in Japan. ••••••••••••••••••••••••••••••••••••••••••••••••••••••• Contact us : ( Mob / Whatsapp ) • Mr Faisal : +971 54 3069554 • Mirza Faizan Baig : +971 50 8685237 ••••••••••••••••••••••••••••••••••••••••••••••••••••••• Our Service : ( VIP ) • Insurance options . • Expert sales and after-sales support . • Car registration assistance . ( Insurance - Registration ) . • Export deals and services available . • we can deliver the car to any where on U.A.E ••••••••••••••••••",https://dbz-images.dubizzle.com/images/2024/11/21/ec16871821e04f1d89d088018f677cc7-.jpeg?impolicy=dpv,,,,,
51,2004,mercedes-benz,e-class,e 320,BENZ E320 | 2004 | CLEAN CAR | JAPAN IMPORT,"• Mercedes Benz E320 • Year Of the Model - 2004 • Black Interior • Low Mileage • Japan Imported • Recently Arrived • Neat & Clean Car ••••••••••••••••••••••••••••••••••••••••••••••••••••••• Follow Us On Instagram For More Luxury Cars, Just Click on the Link. https://instagram.com/royalmotors4810?utm_medium=copy_link ••••••••••••••••••••••••••••••••••••••••••••••••••••••• We have Direct access more then 160 Auctions in Japan. We can buy any type or any Model of the car by your Special Order, So if you are Looking for Any type of the Car, Contact with Us or visit Our Showroom Royal Motors FZCO Automobile FZE, ••••••••••••••••••••••••••••••••••••••••••••••••••••••• About Us : A name you can trust, Welcome to Mirza Automobile FZE, We've been in the auto industry for 16 years in UAE, and 30 years in Japan. ••••••••••••••••••••••••••••••••••••••••••••••••••••••• Contact us : ( Mob / Whatsapp ) • Mr Faisal : +971 54 3069554 • Mirza Faizan Baig : +971 50 8685237 ••••••••••••••••••••••••••••••••••••••••••••••••••••••• Our Service : ( VIP ) • Insurance options . • Expert sales and after-sales support . • Car registration assistance . ( Insurance - Registration ) . • Export deals and services available . • we can deliver the car to any where on U.A.E •••••••••••••••",https://dbz-images.dubizzle.com/images/2024/11/21/be84ebf79fd34926883b9433998ea7bc-.jpeg?impolicy=dpv,,,,,
52,2015,mercedes-benz,s-class,s 63 amg 4matic,BENZ S63 | AMG | 2014 | CLEAN CAR | FRESH JAPAN IMPORT,"• Mercedes Benz S63 AMG • Year Of the Model - 2014 • Black Interior • Dynamic Seats • Cooling Seats • Low Mileage • Japan Imported • Recently Arrived • Neat & Clean Car ••••••••••••••••••••••••••••••••••••••••••••••••••••••• Follow Us On Instagram For More Luxury Cars, Just Click on the Link. https://instagram.com/mirzaautomobilefze?utm_medium=copy_link ••••••••••••••••••••••••••••••••••••••••••••••••••••••• We have Direct access more then 160 Auctions in Japan. We can buy any type or any Model of the car by your Special Order, So if you are Looking for Any type of the Car, Contact with Us or visit Our Showroom Mirza Automobile FZE, ••••••••••••••••••••••••••••••••••••••••••••••••••••••• About Us : A name you can trust, Welcome to Mirza Automobile FZE, We've been in the auto industry for 16 years in UAE, and 30 years in Japan. ••••••••••••••••••••••••••••••••••••••••••••••••••••••• Contact us : ( Mob / Whatsapp ) • Ayaz Wazir : +971 54 3069550 • Mirza Faizan Baig : +971 50 8685237 ••••••••••••••••••••••••••••••••••••••••••••••••••••••• Our Service : ( VIP ) • Flexible finance and insurance options . • Expert sales and after-sales support . • Car registration assistance . ( Insurance - Registration ) . • Export deals and services available . • we can deliver the car to any where on U.A.E",https://dbz-images.dubizzle.com/images/2024/11/21/c6450516405b4dfeb166571e0138839a-.jpeg?impolicy=dpv,,,,,
53,2014,ford,explorer,xlt,FORD EXPLORER XLT - 2014 - CLEAN CAR FRESH JAPAN IMPORT,"* Ford Explorer XLT * Year Of the Model - 2014 * Interior Black * Low Mileage * Japan Imported * Recently Arrived * Neat & Clean Car ••••••••••••••••••••••••••••••••••••••••••••••••••••••• Follow Us On Instagram For More Luxury Cars, Just Click on the Link. https://instagram.com/mirzaautomobilefze?utm_medium=copy_link ••••••••••••••••••••••••••••••••••••••••••••••••••••••• We have Direct access more then 160 Auctions in Japan. We can buy any type or any Model of the car by your Special Order, So if you are Looking for Any type of the Car, Contact with Us or visit Our Showroom Mirza Automobile FZE, ••••••••••••••••••••••••••••••••••••••••••••••••••••••• About Us : A name you can trust, Welcome to Mirza Automobile FZE, We've been in the auto industry for 16 years in UAE, and 30 years in Japan. ••••••••••••••••••••••••••••••••••••••••••••••••••••••• * Mr.Faisal : +971 54 3069554 * Mirza Faizan Baig : +971 50 8685237 ••••••••••••••••••••••••••••••••••••••••••••••••••••••• Our Service : ( VIP ) * Flexible finance and insurance options . * Expert sales and after-sales support . * Car registration assistance . ( Insurance - Registration ) . * Export deals and services available . * we can deliver the car to any where on U.A.E •••••••••••••••••••••••••••••••••••••",https://dbz-images.dubizzle.com/images/2024/11/22/0d01180651024645bd91264145f8edfa-.jpeg?impolicy=dpv,,,,,
54,2025,kaiyi,x7,other,Kaiyi X7 7 Seats 1.6 Turbo 2025 0KM Silver Color,"Kaiyi X7 2025 1.6L / 7 Seats Brand New 0 KM with warranty 5 years or 150k, bank finance available Please contact us: 0555571227 0555581228",https://dbz-images.dubizzle.com/images/2024/11/23/48a6c2b06de54f448e29f99f2967844c-.jpeg?impolicy=dpv,,0.0,,,
55,2012,ford,explorer,xlt,FORD EXPLORER XLT - 2012 - CLEAN CAR FRESH JAPAN IMPORT,"• Ford Explorer XLT • Year Of the Model - 2012 • Interior Beige • Low Mileage • Japan Imported • Recently Arrived • Neat & Clean Car ••••••••••••••••••••••••••••••••••••••••••••••••••••••• Follow Us On Instagram For More Luxury Cars, Just Click on the Link. https://instagram.com/mirzaautomobilefze?utm_medium=copy_link ••••••••••••••••••••••••••••••••••••••••••••••••••••••• We have Direct access more then 160 Auctions in Japan. We can buy any type or any Model of the car by your Special Order, So if you are Looking for Any type of the Car, Contact with Us or visit Our Showroom Mirza Automobile FZE, ••••••••••••••••••••••••••••••••••••••••••••••••••••••• About Us : A name you can trust, Welcome to Mirza Automobile FZE, We've been in the auto industry for 16 years in UAE, and 30 years in Japan. ••••••••••••••••••••••••••••••••••••••••••••••••••••••• Contact us : ( Mob / Whatsapp ) • Mr Faisal : +971 54 306 9554 • Mirza Faizan Baig : +971 50 8685237 ••••••••••••••••••••••••••••••••••••••••••••••••••••••• Our Service : ( VIP ) • Expert sales and after-sales support . • Car registration assistance . ( Insurance - Registration ) . • Export deals and services available . • we can deliver the car to any where on U.A.E ••••••••••••••••••••••••••••",https://dbz-images.dubizzle.com/images/2024/11/25/65956b69eb804f8d8418650eb6620374-.jpeg?impolicy=dpv,,,,,
56,2022,bmw,3-series,320i,BMW 320i,"BMW 320 i MYD 2022 Only 27000 KM Korean specifications Two agency keys Completely free of paint, accidents and scratches Number one in specifications and its category is ready high does not need a dirham For more information and details, please visit the showroom in Al Aweer Auto Market. 4MATIC MOTORS",https://dbz-images.dubizzle.com/images/2024/12/11/5cd6049a67454c01bee776d13d900193-.jpeg?impolicy=dpv,,27000.0,,,
57,2016,mclaren,675lt,spider,MCLAREN 675LT SPIDER SOLIS YELLOW 2016 FULL CARBON EXCELLENT CONDITION,"This Pre-owned McLAREN 675 LT-SPIDER 2016 is now available at Luxury Lounge car showroom, along Sheikh Zayed Road Dubai UAE. With Special shade of Yellow exterior and black interior. Full carbon and the car like brand new. The 675 LT Spider is one of the most complete supercars on sale . It doesn't feel any slower or less capable than the standard coupe model, and open-top driving allows you to better appreciate the noise made by McLaren's twin-turbo V8. Features & Specs List: - CARBON EXTERIOR & INTERIOR - Carbon Ceramic Brakes & Yellow Brake Pads - 20/21 Inch Wheels from (1221) - Keyless Start - Front Lift System - Drive Mode - PDC Front and Rear Camera - Auto LED Headlights - Auto Climate Control - Full Alcantara Sport Seats in Black - Alcantara Package - Multi-Functional Carbon Steering Wheel - MERIDIAN Surround Soundsystem - Navigation - Bluetooth (Audio & Telephone) - Apple Car Play/ Android - And Much More... Our services: *Finance options available on leading Bank with competitive rates and 0% down payment *Trade in available *Shipping worldwide available *Excellent condition *Expert sales *Registration for free -------------------------------------------------------------------------- Car available in Dubai Sheikh Zayed Road (Luxury Lounge L.L.C, AC01 Building Shop No.3, Al Quoz Branch Building) For detailed information please contact +971505600508 -------------------------------------------------------------------------- Follow us for more information on: INSTAGRAM : LUXURY.LOUNGE https://www.instagram.com/luxury.lounge",https://dbz-images.dubizzle.com/images/2024/10/09/5d0249d18ea448369eee50d164ba1fbb-.jpeg?impolicy=dpv,,,coupe,,
58,2009,bentley,brooklands,standard,2009 Bentley Brooklands | Perfect Condition | 6.75L V8,"CAR INFO: 2009 Bentley Brooklands | Perfect Condition | 6.75L V8 2009 Model 58,465 KMs Call Our Sales Team Now! Fisal: +971 55 333 3373 Mohamed El Hussein: +971 56 560 5656 Hassan: +971 55 655 5568 Hamido: +971 52 726 5443 Mamdooh: +971 50 117 7000 Ahmed Abdullah: +971 52 720 9143 Showroom Landline: TEL: +971 4 333 3444 LOCATION: Sheikh Zayed Road, Exit 45 Beside Oasis Center Al Quoz 1, Dubai UAE https://g.page/autodealsdubai?gm About Us: Auto Deals, a leading luxury car dealership in Dubai for over a decade, offers a wide range of new and pre-owned luxury vehicles at competitive prices. With expertise in luxury brands, we provide personalized service to meet our clients' needs. Our partnerships with global brands ensure access to the latest high-end models. We also offer Vehicle Trade-in and Trade for Cash services, making it easy for clients to upgrade or maximize their investment. Our focus is on delivering an exceptional customer experience from start to finish. BUY | SELL | TRADE-IN | CONSIGNMENT",https://dbz-images.dubizzle.com/images/2024/10/15/6b09634c21104385bcd536ecfade3089-.jpeg?impolicy=dpv,,58465.0,,,petrol
59,2014,mini,countryman,cooper s,Urgent mini countryman S model 2014 GCC panorama very clean,Gulf car Full option Panorama 4 weal Very clean Like new,https://dbz-images.dubizzle.com/images/2024/11/07/342772cdbf5546e5b05ddc68217bf582-.jpeg?impolicy=dpv,,,,,
60,2019,volkswagen,beetle,s,2019-Volkswagen Beetle -2.0L-4 Cyl-Excellent Condition,2019-Volkswagen Beetle -2.0L-4 Cyl -Excellent Condition -American Spec -36000 km -Well Maintained Price # 32000 Aed Service we provide: * Assistance in registration test * Assistance in finding best insurance quotes * Assistance in registration * Arranging bank finance facility For More Details Please Call/WhatsApp : 0502996663/0558880268 Buy-Sell-Trade in-Service-All in One -——-AUTO BANK————-,https://dbz-images.dubizzle.com/images/2024/11/10/bf896408cf9d41ec982bebc46c019de0-.jpeg?impolicy=dpv,32000.0,36000.0,,,
61,2018,toyota,camry,le,TOYOTA CAMRY 2018,"Toyota Camry 2018 Le USA Space 2018 BLUE 2500 Cc 4 Cylinder 169859 Km 36,999 AED",https://dbz-images.dubizzle.com/images/2024/11/14/85b73ef8f2f84e0eaccffaaa6a038454-.jpeg?impolicy=dpv,36999.0,169859.0,,,
62,2010,ford,explorer,xlt,FORD EXPLORER XLT - 2010 - CLEAN CAR FRESH JAPAN IMPORT,"* Ford Explorer XLT * Year Of the Model - 2010 * Interior Black * Low Mileage * Japan Imported * Recently Arrived * Neat & Clean Car ••••••••••••••••••••••••••••••••••••••••••••••••••••••• Follow Us On Instagram For More Luxury Cars, Just Click on the Link. https://instagram.com/mirzaautomobilefze?utm_medium=copy_link ••••••••••••••••••••••••••••••••••••••••••••••••••••••• We have Direct access more then 160 Auctions in Japan. We can buy any type or any Model of the car by your Special Order, So if you are Looking for Any type of the Car, Contact with Us or visit Our Showroom Mirza Automobile FZE, ••••••••••••••••••••••••••••••••••••••••••••••••••••••• About Us : A name you can trust, Welcome to Mirza Automobile FZE, We've been in the auto industry for 16 years in UAE, and 30 years in Japan. ••••••••••••••••••••••••••••••••••••••••••••••••••••••• Contact us : ( Mob / Whatsapp ) • Mr Faisal : +971 54 306 9554 * Mirza Faizan Baig : +971 50 8685237 ••••••••••••••••••••••••••••••••••••••••••••••••••••••• Our Service : ( VIP ) * Flexible finance and insurance options . * Expert sales and after-sales support . * Car registration assistance . ( Insurance - Registration ) . * Export deals and services available . * we can deliver the car to any where on U.A.E ••••••••••••••••••••••••",https://dbz-images.dubizzle.com/images/2024/11/20/79b7bd9e68034b97a411aa02e204b3c1-.jpeg?impolicy=dpv,,,,,
63,2017,mini,countryman,john cooper works,UNIQUE Mini COUNTRYMAN JOINS COOPER WORKS || ACCIDENT FREE || GCC || PANORAMIC ROOF,"ALHOOT MOTORS DEALS WITH GCC CARS ONLY! Trusted CARS dealership in the UAE. ""Customer first"" approach before, during and after sale Inclusive • 1 Free Service • 1 Detailing & Car Care • 1 Year Free Insurance (FOR CASH DEALS ONLY) Best MINI COUNTRYMAN in UAE - Highest Category - Recently Serviced - Mechanical Issue Free - 4 New Condition Tires - Original Keys - GCC - Full Service - Guaranteed Accident Free - Clean & Neat Inside/Outside - Single Owner - Major Service Done ----------------------------------------------- We are Open Saturday to Thursday from 9:00am to 10pm | Friday from 4:00pm to 10pm ----------------------------------------------- For more details, please contact us directly +971561800013 ----------------------------------------------- Address: Souq Al Haraj, Showroom 58, Along Mohammad Bin Zayed Road, Sharjah, United Arab Emirates Find us on Google Maps ""ALHOOT MOTORS"" https://maps.app.goo.gl/9DwNFydePrRXmt7b6 ----------------------------------------------- Selling Your Car to Us: We accept GCC cars for trade in, our team will be more than happy to help. ----------------------------------------------- Follow us on our Social Media Pages ‎الحوت موتورز - ALHoot Motors https://shorturl.at/JLPX7 Instagram: @alhoot.motors https://shorturl.at/bLQS4 Tiktok: @alhoot.motors https://shorturl.at/exL35 ----------------------------------------------- We do Bank Finance also - Employed - Self-Employed - Company ----------------------------------------------- ""DON'T DREAM IT, DRIVE IT with ALHOOT MOTORS""",https://dbz-images.dubizzle.com/images/2025/01/03/c622b7ae427842199a01da4427fa9ba1-.jpeg?impolicy=dpv,,,,,
64,2014,audi,q7,55 tfsi quattro s line,SUPERCHARGED AUDI Q7 V6 / 7 SEATS / GCC SPECS / AFFORDABLE / FUEL EFFICIENT / EXCELLENT CONDITION,*LIMITED AUDI Q7 4.0 V6 *SUPERCHARGED *QUATTRO * S-LINE *TOP OF THE RANGE * GCC BLIND SPOT 7 SEATS BEST KIT EVER CAME IN AUDI Q7 AWESOME WHITE COLOR AUDI Q7 V6 GCC ! SUPERCHARGED QUATTRO S-LINE COOLING AND HEATING SEATS !! SEXY AND AMAZING RIMS PANORAMIC ROOF KEYLESS START AND KEYLESS ENTRY BLIND SPOT !!!!!!!! 7 SEATS AWESOME WHITE COLOR !!! CLEANEST AUDI Q7 V6 IN UAE VERY NEAT INSIDE AND OUTSIDE NEVER BEEN RESPRAYED BEFORE NEVER HAD ANY MECHANICAL PROBLEMS SERVICED ON TIME 2 ORIGINAL KEYS FRANKLY THIS IS THE BEST AUDI Q7 V6 SUPERCHARGED IN UAE JUST SERVICED FEW WEEKS AGO AND DOESNT NEED SINGLE DIRHAM TO SPEND ON IT ALWAYS PARKED UNDER COVERED PARKING !! NO SMOKERS OR KIDS INSIDE THE CAR,https://dbz-images.dubizzle.com/images/2025/01/11/26f63346c6704e42976ac0ded14a803e-.jpeg?impolicy=dpv,,,,,
65,2021,dodge,challenger,sxt,Dodge Challenger 2021/Warranty,Dodge Challenger 2021 71000 KM Warranty SXT,https://dbz-images.dubizzle.com/images/2025/01/17/cf128a7cdc3446a983cbda0fa583c4ef-.jpeg?impolicy=dpv,,71000.0,,,
66,2024,opel,grandland x,other,GCC | Brand New | AED 1300 monthly | Under Agancy Warranty 5 Years | Ref#R000413,"Opel Grandland Ultimate Model: 2024 Odometer : 0 KM Brand New Warranty : Under Agancy Warranty 5 Years Specification : GCC Cylinders : V4 1.6L ------------------ Our flexible payment plans are bank auto loans. Option 1 - AED 1650 monthly for 5 years with 0% Down-Payment / flexible. Option 2 - AED 1300 monthly for 5 years with 20% Down-Payment / flexible. Option 3 - AED 79,999 cash. And First Installment After 3 Month. ------------------ Contact us for more information, And to schedule a test drive: •.Aida (+971) 0542222307 ( English & Arabic) Wer'e Located at AL WAHADA ST. NEXT OF KING FAISAL BRIDGE, Souq Al Haraj in Sharjah, Mohammed Bin Zayed Road, behind Tasjeel ‎Village.‎ Showroom NO: #10 , #41 , #146 And #245 ------------------ Showrooms Timing :‎ • Sat-Thur : 10:00 AM TO 10:00 PM‎ • FRI : 4:00 PM TO 10:00 PM -------------------- A name you can trust, Welcome to Al Qassem Group Showrooms, We've been in the auto industry for 23 ‎years in UAE, 15 years in Jordan, And more than 30 years in Iraq. We won the Dubizzle (Legend) Sharjah showroom of the year 2022 And 2023 And multiple of Top seller of the month by Dubizzle ----------------- Follow Us on: Website : https://alqassimgroup.net/ Facebook : Al Qassem Group Instagram : Alqassem_group_luxury_cars Snapchat: alqassem-group TikTok : alqassemgroup -------------------- Our Service : ( VIP ) • Flexible finance and insurance options . • Expert sales and after-sales support . • Car registration assistance . ( Insurance - Examination - Registration ) . • Export deals and services available . • we can deliver the car to any where on UAE ------------------ What we offer : ( Easy Financing ) • Buy your car from al qassem group without down payment, The first installment after 3 Months. • Approved bank finance Available. • Excellent services 24 hours a day",https://dbz-images.dubizzle.com/images/2025/01/30/ecc1c029456a444abbe4d5a1ab35c4e7-.jpeg?impolicy=dpv,79999.0,0.0,,,
67,2022,nissan,patrol safari,super safari,نيسان باترول سوبر سفاري 2022,نيسان باترول سوبر سفاري 2022,https://dbz-images.dubizzle.com/images/2025/02/14/dd67038e513c48bb938a04a003b8cd5b-.jpeg?impolicy=dpv,,,,,
68,2023,lexus,lx-series,lx 600 f sport,**Special offer** LX600 P 3.5L T AT F Sport,"Lexus Pre-Owned - Al-Futtaim Motors offers; 2023 LX SUV P 3.5L T AT F Sport **SPECIAL OFFER QUOTE DUBIZZLE ** 2 years Free servicing (up to 30,000 km*) Free vehicle registration - Mileage 34,927 KM - Lexus Warranty with all Al Futtaim Pre-Owned vehicles - Lexus Service History - Excellent Condition - GCC Specs -------------------------------------------------------- 100% Finance options and Flexible terms available. T&C’s apply --------------------------------------------------------- For more details, please contact us. --------------------------------------------------------- Opening Hours: Mon - Fri 9 AM to 8 PM Saturday 9 AM to 6 PM Sunday 11 AM to 6 PM ---------------------------------------------------------- Lexus Pre-Owned backed by Al-Futtaim Motors offer Premium Certified vehicles with full 99-point safety check and manufacturer warranty. • We accept all types of Cars for Trade-In • We buy any car for Cash • 24-hour roadside assistance* • Finance service options Own a similar vehicle? Contact us today for a competitive direct purchase or trade-in valuation. ----------------------------------------------------------- Website: https://www.lexus.ae/en/pre-owned/",https://dbz-images.dubizzle.com/images/2025/02/21/bba2da5afd4a45bfba5f709ec00b182d-.jpeg?impolicy=dpv,,34927.0,suv,automatic,
69,2008,mitsubishi,pajero,glx,Mitubshi pajero 2008 white color GCC calen car,pajero 2008 white color GCC calen car,https://dbz-images.dubizzle.com/images/2023/05/21/f9de9f62438f47d285109f9cf05aefca-.jpeg?impolicy=dpv,,,,,
70,2013,mercedes-benz,glk-class,glk 350 4matic,MERCEDES BENZ GLK350 - 2013 - CLEAN CAR FRESH JAPAN IMPORT,"• Mercedes Benz GLK350 • Year Of the Model - 2013 • Interior Black • Low Mileage • Japan Imported • Recently Arrived • Neat & Clean Car ••••••••••••••••••••••••••••••••••••••••••••••••••••••• Follow Us On Instagram For More Luxury Cars, Just Click on the Link. https://instagram.com/mirzaautomobilefze?utm_medium=copy_link ••••••••••••••••••••••••••••••••••••••••••••••••••••••• We have Direct access more then 160 Auctions in Japan. We can buy any type or any Model of the car by your Special Order, So if you are Looking for Any type of the Car, Contact with Us or visit Our Showroom Mirza Automobile FZE, ••••••••••••••••••••••••••••••••••••••••••••••••••••••• About Us : A name you can trust, Welcome to Mirza Automobile FZE, We've been in the auto industry for 16 years in UAE, and 30 years in Japan. ••••••••••••••••••••••••••••••••••••••••••••••••••••••• Contact us : ( Mob / Whatsapp ) • Mirza Faizan Baig : +971 50 8685237 • M,FAISAL : +971 54 3069554 ••••••••••••••••••••••••••••••••••••••••••••••••••••••• Our Service : ( VIP ) • Flexible finance and insurance options . • Expert sales and after-sales support . • Car registration assistance . ( Insurance - Registration ) . • Export deals and services available . • we can deliver the car to any where on U.A.E ••••••••••••••",https://dbz-images.dubizzle.com/images/2024/01/24/d5ea2664c2ee4a67abb171870b1f01e5-.jpeg?impolicy=dpv,,,,,
71,2022,lincoln,aviator,presidential,With Agency Warranty/Service Package - 2022 Lincoln Aviator Presidential GCC,"- Lincoln Aviator Presidential 2022 - GCC Specs - 71000 km - 3.0L Turbocharged V6 - Grey Exterior with Tan Leather Interior - Agency warranty and service package until January 2027 Do not hesitate to call us for any info! • Saif (- English - عربي ): +971526004902 • Dhinakar (Tamil - Hindi - English): +971525368168 • Attia (عربي - English): +971525384938 • Amer (عربي - English): +971525390890 We also provide: - Car Financing, Buying and trading. - Car insurance - Worldwide export - Window Tint - Ceramic Coat & Detailing Our showroom is open all week long from 9.00am to 8.00pm Oasis Cars, Showroom 244, Dubai Auto Zone, DUCAMZ - Ras Al Khor - Dubai https://goo.gl/maps/mscP8HEQsjNVayuJ8",https://dbz-images.dubizzle.com/images/2024/04/28/2f9e86b757df4581ac63f2cb7bdafb79-.jpeg?impolicy=dpv,,71000.0,,,
72,2019,mercedes-benz,c-class,c63 s amg,Mercedes C63s AMG 2019 JAPANESE SPECS,Mileage - 13000 KM Grade - 4.5 B +971568992992 Japanese Specs Fresh Import Clean Title Scratch Less Car No Paint No Accident Low Mileage White/Black Interior Panoramic Sunroof V8 BITURBO 4.0 503 HP Lane Assist Radar Adaptive Cruise Control 64 Colour Ambient lights Brumester Surround Sound System,https://dbz-images.dubizzle.com/images/2024/05/18/86b7f5a8b4d54481a03197229dabd0ad-.heic?impolicy=dpv,,13000.0,,,
73,2017,rolls-royce,wraith,standard,"2017 | ROLLS ROYCE WRAITH | 3 BUTTONS | STAR LIGHT | 45,000KM | GCC","2017 | ROLLS ROYCE WRAITH | 3 BUTTONS | STAR LIGHT | 45,000KM | GCC CAR RECENT SERVICE DONE FROM ROLLS ROYCE CAR HAS 4 BRAND NEW TYRES About us: Welcome to Al Qalam Motors! Our showroom is located in the heart of Dubai’s automobile trading, Sheikh Zayed road . At Al Qalam Motors we hold a distinguished inventory of the leading luxury and super sports cars as well as UAE’s favorite brands and models. Please feel free to stop by our showroom any time to speak to one of our experienced sales representatives, or check our up to date inventory online. Selling your car? Are you looking to sell your car, or trade it in for something new? Please don’t hesitate to contact us Our Services : -Trade in your car- RTA approved – A warranty can be arranged – A service contract can be arranged – Finance can be arranged - Insurance can be arranged Al Qalam Motors l QMotors ""Your Destination to True Luxury • Luxurious Automative Wholesaler • Specialized in New and Pre-owned Luxury Cars • Buy, Sell, and Trade-In"" About us: Welcome to Al Qalam Motors! Our showroom is located in the heart of Dubai’s automobile trading, Sheikh Zayed road . At Al Qalam Motors we hold a distinguished inventory of the leading luxury and super sports cars as well as UAE’s favorite brands and models. Please feel free to stop by our showroom any time to speak to one of our experienced sales representatives, or check our up to date inventory online. Selling your car? Are you looking to sell your car, or trade it in for something new? Please don’t hesitate to contact us Our Services : -Trade in your car- RTA approved – A warranty can be arranged – A service contract can be arranged – Finance can be arranged - Insurance can be arranged Al Qalam Motors l QMotors ""Your Destination to True Luxury • Luxurious Automative Wholesaler • Specialized in New and Pre-owned Luxury Cars • Buy,",https://dbz-images.dubizzle.com/images/2024/08/03/1a081990c0cb45ce9a2bf64abfbaca0b-.jpeg?impolicy=dpv,,45000.0,,,
74,2008,rolls-royce,phantom,drophead,PHANTOM DROPHEAD | TWO TONE EXTERIOR | LOW MILEAGES | WARRANTY DEC 2026,"Feel free to contact us for more information. Come visit our new location at ***EXOTIC CARS SHOWROOM MSM 1 Building Al Safa First, Sheikh Zayed Road, Dubai We have an inventory of over 400 luxury and supercars for sale in Dubai. Visit our website to view our full inventory: http://www.exoticcars.ae Like & Follow Us instagram/exoticcarsdubai",https://dbz-images.dubizzle.com/images/2024/08/07/25a38f600f874a5d82ad60dd91bf650a-.jpeg?impolicy=dpv,,,,,
75,2015,jeep,wrangler,sahara,2015 wrangler sahara GCC,"2015 Jeep Wrangler Sahara is a mid-tier trim of the iconic Wrangler series, known for its rugged off-road capability combined with a higher level of comfort and convenience features compared to the base model. It's a great option for those looking for a vehicle that can handle both trailblazing adventures and daily commuting. Key Features and Specifications: Engine and Performance: • Engine: 3.6-liter V6 engine (Pentastar) producing 285 horsepower and 260 lb-ft of torque. • Standard Safety: • Dual front airbags, side-curtain airbags, and stability control. • Anti-lock braking system (ABS) and traction control. Plz call for more info",https://dbz-images.dubizzle.com/images/2024/08/21/884226b2f40c4c0eb8e7c82ff7074812-.jpeg?impolicy=dpv,,,,,
76,2021,toyota,highlander,other,Toyota Highlander hybrid 2021 full options very clean car outside and inside for more information pl,Toyota Highlander hybrid 2021 full options very clean car outside and inside for more information please contact on WhatsApp 00971554224806,https://dbz-images.dubizzle.com/images/2024/10/09/45b7a53eaac84a4eb766125068e3e933-.jpeg?impolicy=dpv,,,,,hybrid
77,2019,audi,a5,other,Audi A5 - V4 - Quottro - 2019,Audi A5 Usa Specification 98000 km Clean car Sunroof Digital kilometer meter Reverse camera Parking sensor V4 For more details please call or whatsapp on 0557881019,https://dbz-images.dubizzle.com/images/2024/10/10/dfb53de3d5fe481d84b809b6628405f2-.jpeg?impolicy=dpv,,98000.0,,,
78,2020,nissan,versa,sr,NISSAN - VERSA - SR,قابلية الاقساط داخل المعرض مع دفعة عشرة الاف,https://dbz-images.dubizzle.com/images/2024/10/12/8149e96c500a46f3b8ae6faa61f1f595-.jpeg?impolicy=dpv,,,,,
79,2004,bentley,continental,other,2004 Bentley Continental GT 6.0L W12 || FULL SERVICE HISTORY ||Accident free ||pristine condition,"2004 Bentley Continental GT W12 cylinder-6.0L GCC SPECS Very Clean Car 73000kms , low mileage Accident free Full agency services at Bentley last major service done at agency cost 85k all what needed changed ( new suspensions included ) well maintained very clean car ( all services done on time ) Brand new tyres nothing need to spend",https://dbz-images.dubizzle.com/images/2024/11/07/4d2f8fb725804a9f9484452a4f4b6874-.jpeg?impolicy=dpv,,73000.0,,,
80,2024,volkswagen,golf,gti,"VOLKSWAGEN GOLF GTI GRAY COLOR MODEL 2024 11,000 KM GCC WARRANTY AVAILABLE","VOLKSWAGEN GOLF GTI GRAY COLOR MODEL 2024 11,000 KM GCC WARRANTY AVAILABLE",https://dbz-images.dubizzle.com/images/2024/11/12/f0b90a5f87a14c55a6425e0a537e328c-.jpeg?impolicy=dpv,,11000.0,,,
81,2006,bentley,continental,flying spur,BENTLEY FLYINGSPUR | 2006 | CLEAN CAR | FRESH JAPAN IMPORT,"• Bentley Continental Flying Spur • Year Of the Model - 2006 • Black Interior • Low Mileage • Japan Imported • Recently Arrived • Neat & Clean Car ••••••••••••••••••••••••••••••••••••••••••••••••••••••• Follow Us On Instagram For More Luxury Cars, Just Click on the Link. https://instagram.com/mirzaautomobilefze?utm_medium=copy_link ••••••••••••••••••••••••••••••••••••••••••••••••••••••• We have Direct access more then 160 Auctions in Japan. We can buy any type or any Model of the car by your Special Order, So if you are Looking for Any type of the Car, Contact with Us or visit Our Showroom Mirza Automobile FZE, ••••••••••••••••••••••••••••••••••••••••••••••••••••••• About Us : A name you can trust, Welcome to Mirza Automobile FZE, We've been in the auto industry for 16 years in UAE, and 30 years in Japan. ••••••••••••••••••••••••••••••••••••••••••••••••••••••• Contact us : ( Mob / Whatsapp ) • Mr Faisal : +971 54 3069554 • Mirza Faizan Baig : +971 50 8685237 ••••••••••••••••••••••••••••••••••••••••••••••••••••••• Our Service : ( VIP ) • Insurance options . • Expert sales and after-sales support . • Car registration assistance . ( Insurance - Registration ) . • Export deals and services available . • we can deliver the car to any where on U.A.E ••••••••••••••",https://dbz-images.dubizzle.com/images/2024/11/21/6aafb23ba87341ab87ccecf9b6b33082-.jpeg?impolicy=dpv,,,,,
82,2019,rolls-royce,dawn,other,"ROLLS ROYCE DAWN BLACK BADGE, 2019, GCC, DEALER WARRANTY, EXCELLENT CONDITION","ROLLS ROYCE DAWN BLACK BADGE, 2019, GCC, DEALER WARRANTY, DEALER FULL SERVICE HISTORY, EXCELLENT CONDITION, SPECIAL ORDERED",https://dbz-images.dubizzle.com/images/2023/01/21/1720bb2fd3d44ef486b56b1ace2743da-.jpeg?impolicy=dpv,,,,,
83,2018,mercedes-benz,s-class,s 63 amg,BENZ S63s AMG - 2018 - 6 BUTTONS - CLEAN CAR FRESH JAPAN IMPORT,"• Mercedes Benz S63s 4Matic Plus • Year Of the Model - 2018 • AMG Fully Loaded • Black Interior • Dynamic Seats • Cooling Seats • Low Mileage • Japan Imported • Recently Arrived • Neat & Clean Car ••••••••••••••••••••••••••••••••••••••••••••••••••••••• Follow Us On Instagram For More Luxury Cars, Just Click on the Link. https://instagram.com/mirzaautomobilefze?utm_medium=copy_link ••••••••••••••••••••••••••••••••••••••••••••••••••••••• We have Direct access more then 160 Auctions in Japan. We can buy any type or any Model of the car by your Special Order, So if you are Looking for Any type of the Car, Contact with Us or visit Our Showroom Mirza Automobile FZE, ••••••••••••••••••••••••••••••••••••••••••••••••••••••• About Us : A name you can trust, Welcome to Mirza Automobile FZE, We've been in the auto industry for 16 years in UAE, and 30 years in Japan. ••••••••••••••••••••••••••••••••••••••••••••••••••••••• Contact us : ( Mob / Whatsapp ) • Mirza Faizan Baig : +971 50 8685237 • Ayaz Wazir : +971 54 3069550 ••••••••••••••••••••••••••••••••••••••••••••••••••••••• Our Service : ( VIP ) • Flexible finance and insurance options . • Expert sales and after-sales support . • Car registration assistance . ( Insurance - Registration ) . • Export deals and services available . • we can deliver t",https://dbz-images.dubizzle.com/images/2024/05/03/3a28e659da8145d2893b9e696eaaa122-.jpeg?impolicy=dpv,,,,,
84,2024,genesis,g90,other,2024 GENSIS G90 Brand NEW GCC LWB LIMITED EDITION ( 1 OF 1) With Warranty + Service,"2024 Gensis G90 Brand new Limited Edition 1 OF 1 GCC With warranty + Service About us: Welcome to Al Qalam Motors! Our showroom is located in the heart of Dubai’s automobile trading, Sheikh Zayed road . At Al Qalam Motors we hold a distinguished inventory of the leading luxury and super sports cars as well as UAE’s favorite brands and models. Please feel free to stop by our showroom any time to speak to one of our experienced sales representatives, or check our up to date inventory online. Selling your car? Are you looking to sell your car, or trade it in for something new? Please don’t hesitate to contact us Our Services : -Trade in your car- RTA approved – A warranty can be arranged – A service contract can be arranged – Finance can be arranged - Insurance can be arranged Al Qalam Motors l QMotors ""Your Destination to True Luxury • Luxurious Automative Wholesaler • Specialized in New and Pre-owned Luxury Cars • Buy, Sell, and Trade-In""",https://dbz-images.dubizzle.com/images/2024/05/29/994984210ed846af9c0bd920e8ed1635-.jpeg?impolicy=dpv,,,,,
85,2021,mercedes-benz,amg,gt,2021 MERCEDES BRABUS ROCKET 900 1 OF 10 / LOW MILEAGE / BURMESTER SOUND,"REF NUMBER: 12539 THE ELITE CARS - THE TRUE DEFINITION OF LUXURY The Elite Cars, a subsidiary of Elite Group Holding, is a leading multi-brand dealership specializing in luxury automotive marques, offering an exceptional and seamless automotive experience. With headquarters in Dubai, UAE, The Elite Cars’ presence extends strategically across the region, ensuring accessibility and convenience for their valued clients. THE ELITE CARS PRIVILEGES: · Proven expertise in automotive industry · Exclusive Partnership with multi-brands · After sales facility all over the emirate · With thousands of customer's positive google ratings · Competitive Finance options available · Warranty & Service Contract available · Trade-in and direct purchase available · Roadside assistance included (T&C’s apply) Our dedicated team of specialists are happy to help you find the best suited vehicle for you. The Elite Cars Phone Number: 800-535483 or +97143212290(Dubai), +97126266221(Abu Dhabi) Website: https://www.theelitecars.com",https://dbz-images.dubizzle.com/images/2024/06/27/d50a4661b2de48bbbe45633c22666d09-.jpeg?impolicy=dpv,,,,,
86,2024,lamborghini,revuelto,other,2024 LAMBORGHINI REVUELTO BRAND NEW ( FREE SERVICE CONTRACT ),"2024 LAMBORGHINI REVUELTO BRAND NEW ( FREE SERVICE CONTRACT ) CAR FILE IS OPEN IN THE DEALER & CAR HAS 3 FREE SERVICES Together, the slimmed-down V12 and electric drive units afford the Revuelto a blistering total power output of 1,001 bhp. Top speed is 217 mph; 0-to-62 takes just 2.5 seconds. Put your foot down, and breathtaking performance is unleashed. About us: Welcome to Al Qalam Motors! Our showroom is located in the heart of Dubai’s automobile trading, Sheikh Zayed road . At Al Qalam Motors we hold a distinguished inventory of the leading luxury and super sports cars as well as UAE’s favorite brands and models. Please feel free to stop by our showroom any time to speak to one of our experienced sales representatives, or check our up to date inventory online. Selling your car? Are you looking to sell your car, or trade it in for something new? Please don’t hesitate to contact us Our Services : -Trade in your car- RTA approved – A warranty can be arranged – A service contract can be arranged – Finance can be arranged - Insurance can be arranged Al Qalam Motors l QMotors ""Your Destination to True Luxury • Luxurious Automative Wholesaler • Specialized in New and Pre-owned Luxury Cars • Buy, Sell, and Trade-In""",https://dbz-images.dubizzle.com/images/2024/07/27/3cd2836941024cd29011ac367fecaca0-.jpeg?impolicy=dpv,,,,,
87,2020,kia,sportage,other,Panoramic roof - Original airbags - Full option with leather seats,2020 Chassis number: KNDP63AC9L7790787 Full Option leather Seats Panoramic roof Screen with revere camera Excellent condition Original air bags original Chassis condition ( No repair),https://dbz-images.dubizzle.com/images/2024/12/26/d8be123de4be46d6b31fe91c57eb0855-.jpeg?impolicy=dpv,,,,,
88,2023,hyundai,genesis,other,"Genesis G80 | 1,850 AED Monthly | 2 Years Warranty | Free Insurance + Registration Ref#U181059","Hyundai Genesis G80 Model : 2023 Odometer : 15,858 Kms Warranty : 3rd Party (2 Years) Specification : Korean Cylinders : V6 3.0L ------------------ Our flexible payment plans are bank auto loans. Option 1 - AED 2,300 monthly for 5 years with 0% Down-Payment / flexible. Option 2 - AED 1,850 monthly for 5 years with 20% Down-Payment / flexible. Option 3 - AED 115,000 cash. And First Installment After 3 Month. ------------------ Contact us for more information, And to schedule a test drive: • (+971) 0542211117 ( English & Arabic) Wer'e Located at AL WAHADA ST. NEXT OF KING FAISAL BRIDGE, Souq Al Haraj in Sharjah, Mohammed Bin Zayed Road, behind Tasjeel ‎Village.‎ Showroom NO: #10 , #41 , #146 And #245 ------------------ Showrooms Timing :‎ • Sat-Thur : 10:00 AM TO 10:00 PM‎ • FRI : 4:00 PM TO 10:00 PM -------------------- A name you can trust, Welcome to Al Qassem Group Showrooms, We've been in the auto industry for 23 ‎years in UAE, 15 years in Jordan, And more than 30 years in Iraq. We won the Dubizzle (Legend) Sharjah showroom of the year 2022 And 2023 And multiple of Top seller of the month by Dubizzle ----------------- Follow Us on: Facebook : Al Qassem Group Instagram : Alqassem_group_luxury_cars Snapchat: alqassem-group TikTok : alqassemgroup -------------------- Our Service : ( VIP ) • Flexible finance and insurance options . • Expert sales and after-sales support . • Car registration assistance . ( Insurance - Examination - Registration ) . • Export deals and services available . • we can deliver the car to any where on UAE ------------------ What we offer : ( Easy Financing ) • Buy your car from al qassem group without down payment, The first installment after 3 Months. • Approved bank finance Available. • Excellent services 24 hours a day. ------------------ Employed : • Salary",https://dbz-images.dubizzle.com/images/2025/01/13/0127c2c052b34e669d9053dd95b6b27e-.jpeg?impolicy=dpv,115000.0,15858.0,,,
89,2022,mini,cooper,john cooper works,CONVERTIBLE MINI COOPER JCW || STYLISH CAR II AWESOME COLOR I| EXCEPTIONAL PERFORMANCE,"ALHOOT MOTORS DEALS WITH GCC CARS ONLY! Trusted CARS dealership in the UAE. ""Customer first"" approach before, during and after sale Inclusive • 1 Free Service • 1 Detailing & Car Care • 1 Year Free Insurance (FOR CASH DEALS ONLY) Best MINI COOPER JCW in UAE - Highest Category - Recently Serviced - Mechanical Issue Free - 4 New Condition Tires - Original Keys - Full Service - Guaranteed Accident Free - Clean & Neat Inside/Outside - Single Owner - Major Service Done ----------------------------------------------- We are Open Saturday to Thursday from 9:00am to 10pm | Friday from 4:00pm to 10pm ----------------------------------------------- For more details, please contact directly +971561800013 ----------------------------------------------- Address: Souq Al Haraj, Showroom 58, Along Mohammad Bin Zayed Road, Sharjah, United Arab Emirates Find us on Google Maps ""ALHOOT MOTORS"" https://maps.app.goo.gl/9DwNFydePrRXmt7b6 ----------------------------------------------- Selling Your Car to Us: We accept GCC cars for trade in, our team will be more than happy to help. ----------------------------------------------- Follow us on our Social Media Pages ‎الحوت موتورز - ALHoot Motors https://shorturl.at/JLPX7 Instagram: @alhoot.motors https://shorturl.at/bLQS4 Tiktok: @alhoot.motors https://shorturl.at/exL35 ----------------------------------------------- We do Bank Finance also - Employed - Self-Employed - Company ----------------------------------------------- ""DON'T DREAM IT, DRIVE IT with ALHOOT MOTORS""",https://dbz-images.dubizzle.com/images/2025/02/12/190f4c3a6a08412ea615c5eb7099a457-.jpeg?impolicy=dpv,,,convertible,,
90,2012,mitsubishi,pajero,glx,Mitsubshi pajero 2012 fullopshin white color. GCC Calen,Pajero 2012 fullopshin white color GCc Calen car,https://dbz-images.dubizzle.com/images/2025/02/13/f9a9264f21f042e39ad4a1e78ff9ff42-.jpeg?impolicy=dpv,,,,,
91,2009,toyota,land cruiser,gxr,TOYOTA LAND CRUISER 2009 FACELIFTED 2025 WITH INTERIOR AND EXTERIOR GCC IN EXCELLENT CONDITION,Neat and clean in perfect condition model 2009 facelifted 2025 with interior and exterior engine v6 4.0L G.c.c specification in excellent condition With front TV and 360° camera Leather seats Electric seat Headrests DVD'S New rim's and tyre's New steering control Push Start Cool box,https://dbz-images.dubizzle.com/images/2025/02/22/0020f4982b2f451f953ee1f538fc4dd3-.jpeg?impolicy=dpv,,,,,
92,2021,mercedes-benz,gls-class,gls 63 amg,"GLS 63 AMG | From AED 5,805/mo | Up to 3Y Warranty and Service Contract Options","Welcome to Autority Motors! Experience the ultimate in automotive luxury with our exclusive offers in Dubai. Explore our collection of the finest cars from the world's leading brands. Mercedes-Benz GLS 63 AMG Year: 2021 Mileage: 23 900 kms Exterior: Diamond White Interior: Black Regional Specification: Japanese (4.5B Grade) Warranty Includes: • Unlimited claim limit • 24/7 Roadside Assistance • Extended Coverage • Can be extended up to 3 years Up to 3 years Service Contract available, including brake replacement package. VAT Qualifying Vehicle Transparent Pricing – No Hidden Costs Flexible Financing Options For more details: Showroom: +971 56 494 8888 Mohamed (Sales): +971 56 800 8611 Visit: www.autoritymotors.com We are open 7 days per week Monday to Sunday: 10:00 - 21:00",https://dbz-images.dubizzle.com/images/2024/09/04/8088ab349ef24da48371b69155a34991-.jpeg?impolicy=dpv,,23900.0,,,
93,2016,land rover,lr4,hse,لاند روفر LR4,"لاند روفر LR4 موديل 2016 للتواصل 0509553555 ابو ظبي مدينة رحايل القيادة موتورز Land Rover LR4 2016 model 271000km Abu Dhabi, Rahayel City",https://dbz-images.dubizzle.com/images/2024/10/05/70364ffef3c047009b1cc53e9dd52dfd-.jpeg?impolicy=dpv,,271000.0,,,
94,2013,mitsubishi,pajero,gls,Mitsubshi pajero 2013 fullopshin goldcolor GCC,Pajero 2013 fullopshin gold color GCc Calen car,https://dbz-images.dubizzle.com/images/2024/10/11/d06ecbc8a91e413c8cd2ff22532e4b19-.jpeg?impolicy=dpv,,,,,
95,2023,toyota,rav 4,other,2.5L AWD | Wildlander | Almost New | Free Insurance + Registration | Ref#G064523,"Toyota Wildlander AWD Model : 2023 Odometer : 970 Kms Warranty : 3rd Party (2 Years) Specification : Korea Cylinders : V4 2.5L ------------------ Our flexible payment plans are bank auto loans. Option 1 - AED 1,950 monthly for 5 years with 0% Down-Payment / flexible. Option 2 - AED 1,500 monthly for 5 years with 20% Down-Payment / flexible. Option 3 - AED 95,000 cash. And First Installment After 3 Month. ------------------ Contact us for more information, And to schedule a test drive: •.Aida (+971) 0542222307 ( English & Arabic) Wer'e Located at AL WAHADA ST. NEXT OF KING FAISAL BRIDGE, Souq Al Haraj in Sharjah, Mohammed Bin Zayed Road, behind Tasjeel ‎Village.‎ Showroom NO: #10 , #41 , #146 And #245 ------------------ Showrooms Timing :‎ • Sat-Thur : 10:00 AM TO 10:00 PM‎ • FRI : 4:00 PM TO 10:00 PM -------------------- A name you can trust, Welcome to Al Qassem Group Showrooms, We've been in the auto industry for 23 ‎years in UAE, 15 years in Jordan, And more than 30 years in Iraq. We won the Dubizzle (Legend) Sharjah showroom of the year 2022 And 2023 And multiple of Top seller of the month by Dubizzle ----------------- Follow Us on: Facebook : Al Qassem Group Instagram : Alqassem_group_luxury_cars Snapchat: alqassem-group TikTok : alqassemgroup -------------------- Our Service : ( VIP ) • Flexible finance and insurance options . • Expert sales and after-sales support . • Car registration assistance . ( Insurance - Examination - Registration ) . • Export deals and services available . • we can deliver the car to any where on UAE ------------------ What we offer : ( Easy Financing ) • Buy your car from al qassem group without down payment, The first installment after 3 Months. • Approved bank finance Available. • Excellent services 24 hours a day. -----------",https://dbz-images.dubizzle.com/images/2024/10/20/32cdc25e33ea4e1ea640b88856528734-.jpeg?impolicy=dpv,95000.0,970.0,,,
96,2022,volvo,xc60,t5 momentum,Volvo XC60 B5 FWD MOMENTUM 2022 Low Mileage GCC,"- Volvo XC60 B5 FWD MOMENTUM - Year: 2022 - GCC Specifications - Mileage: 71000 km - Engine: 2.0L Turbo 4 Cylinders - Color : Grey exterior with Beige leather interior Do not hesitate to call us for any info! • Saif (عربي - English): +971522051890 • Dhinakar (Tamil - Hindi - English): +971525368168 • Attia (عربي - English): +971525384938 • Amer (عربي - English): +971525390890 Our services also include: - Car financing, purchasing, and trading. - Vehicle insurance. - Global export services. - Window tinting. - Ceramic coating and detailing. Our showroom is open all week long from 9.00am to 8.00pm Oasis Cars, Showroom 244, Dubai Auto Zone, DUCAMZ - Ras Al Khor - Dubai https://goo.gl/maps/mscP8HEQsjNVayuJ8",https://dbz-images.dubizzle.com/images/2024/10/23/32a62c3b75f24f43940525e15c256bf6-.jpeg?impolicy=dpv,,71000.0,,,
97,2015,aston martin,vanquish,volante,"2015 Aston Martin Vanquish Volante V12 Convertible, Low Kms, GCC","2015 Aston Martin Vanquish Volante, 6.0 V12 RWD, 568bhp, 8 Auto Speed Gearbox. AED 299,000 /- ----------------------------------------- - Mileage 65,699 Kms - Aston Martin Service History - Excellent Condition - GCC Specifications ------------------------------------------ Options List Includes : - Keyless Entry - Electric Leather Memory Seats - Heated Seats - Paddle Shifter - Cruise Control - Parking Sensors - Rear Camera - Bang & Olufsen Surround Sound System - Sports Suspension - Aston Martin Drive Modes - Auto Headlights - Auto AC - Carbon Fiber Front Bumper & Side Skirts - Rear Spoiler - Multi-Functional Steering Wheel - Navigation -Bluetooth (Audio & Telephone) - And Much More... MN / GK02295 --------------------------------------------- Contact For More Information... Tito (English + Arabic): +971 54 993 4493 Eric (English): +971 50 969 2567 Salman (English + Hindi): +971 56 413 0214 Mohsin (English + Arabic And Hindi): +971 501723505 Mina (Arabic / English): +971 547516249 Office: +971 4 294 9683 ---------------------------------------------------- GTA Cars 1, 6th Street, Al Qouz 3, Dubai, UAE Opening Hours: Every Day, 10:00AM - 8:00PM ---------------------------------------------------- Your #1 Destination For Quality Cars In Dubai Since 2018. We are a multi-award-winning showroom recognised for excellence, performance and customer trust with recent notable awards such as; Dubizzle Cars Awards 2025 - Gold Circle: Dealer Of The Year Drive Digital Awards 2025 - Outstanding Customer Excellence MEA Business Awards 2024 - Dealer Of The Year: Dubai MEA Business Awards 2023 - Dealer Of The Year: Dubai UAE Business Award 2022 - Outstanding Customer Service Dubizzle Cars Awards 2022 - Legend: Showroom Of The Year We ensure our customers get the experience they deserve when buying or selling thei",https://dbz-images.dubizzle.com/images/2024/11/11/975a662b364a4c3ea25a69fd5f51db5b-.jpeg?impolicy=dpv,299000.0,65699.0,convertible,,
98,2020,toyota,hiace,gl,2020 Toyota Hiace,"2020 Toyota Hiace Original Mileage Excellent condition Al Nabeel Used Cars Location: Souq Alharaj, Sharjah Showroom 304 Phase # 2 Or Simply type Alnabeel used cars on google maps Follow below link for exact location. https://goo.gl/maps/BUotXkdPuqqcQdgNA مرحبًا بكم في معرض النبيل للسيارات المستعملة، وجهتك الأولى للسيارات المستعملة عالية الجودة. نحن نفخر بتقديم مجموعة واسعة من المركبات التي تم فحصها بعناية والتي تلبي كل ميزانية. من خلال التزامنا برضا العملاء على مدى أكثر من 40 عاما، يمكنك الوثوق في أن كل سيارة في مجموعتنا قد خضعت لعملية فحص دقيقة لضمان الموثوقية والأداء. لدينا فريق من المتخصصين المطلعين هنا لمساعدتك في كل خطوة على الطريق، وتقديم مشورة الخبراء والخدمة الشخصية. قم بزيارة النبيل للسيارات المستعملة اليوم ودعنا نساعدك في العثور على السيارة المستعملة المثالية التي تفوق توقعاتك Welcome to Al Nabeel Used Cars, located in Sharjah, Al Nabeel Used Cars is a pre-owned, late model dealer that provides customers with a complete automotive experience at competitive prices. Your premier destination for top-quality used cars. We take pride in offering an extensive range of carefully inspected vehicles that cater to every budget and preference. With our commitment to customer satisfaction and wide experience for more than 40 years, you can trust that each car on our lot has undergone an accurate inspection process to ensure reliability and performance. Our knowledgeable team of professionals is here to assist you every step of the way, providing expert advice and personalized service. Visit Al Nabeel Used Cars toda",https://dbz-images.dubizzle.com/images/2024/12/09/35f445dfa7ed4c11b0d9cd9952126622-.jpeg?impolicy=dpv,,,,,
99,2020,mini,cooper,cooper s jcw,LOVELY MINI COOPER S JCW || GCC || TOP OF THE RANGE || PANORAMIC || LOW MILEAGE,"ALHOOT MOTORS DEALS WITH GCC CARS ONLY! Trusted CARS dealership in the UAE. ""Customer first"" approach before, during and after sale Inclusive • 1 Free Service • 1 Detailing & Car Care • 1 Year Free Insurance (FOR CASH DEALS ONLY) Best MINI COOPER S JCW in UAE - Highest Category - Recently Serviced - Mechanical Issue Free - 4 New Condition Tires - Original Keys - GCC - Full Service - Guaranteed Accident Free - Clean & Neat Inside/Outside - Single Owner - Major Service Done ----------------------------------------------- We are Open Saturday to Thursday from 9:00am to 10pm | Friday from 4:00pm to 10pm ----------------------------------------------- For more details, please contact us directly +971561800013 ----------------------------------------------- Address: Souq Al Haraj, Showroom 58, Along Mohammad Bin Zayed Road, Sharjah, United Arab Emirates Find us on Google Maps ""ALHOOT MOTORS"" https://maps.app.goo.gl/9DwNFydePrRXmt7b6 ----------------------------------------------- Selling Your Car to Us: We accept GCC cars for trade in, our team will be more than happy to help. ----------------------------------------------- Follow us on our Social Media Pages ‎الحوت موتورز - ALHoot Motors https://shorturl.at/JLPX7 Instagram: @alhoot.motors https://shorturl.at/bLQS4 Tiktok: @alhoot.motors https://shorturl.at/exL35 ----------------------------------------------- We do Bank Finance also - Employed - Self-Employed - Company ----------------------------------------------- ""DON'T DREAM IT, DRIVE IT with ALHOOT MOTORS""",https://dbz-images.dubizzle.com/images/2025/01/07/2bd6de1b1172444991ad8549fee69604-.jpeg?impolicy=dpv,,,,,
100,2016,bentley,continental,gtc,GTC SPEED | GCC | WARRANTY AVAILABLE,"Feel free to contact us for more information. Come visit our new location at ***EXOTIC CARS SHOWROOM MSM 1 Building Al Safa First, Sheikh Zayed Road, Dubai We have an inventory of over 400 luxury and supercars for sale in Dubai. Visit our website to view our full inventory: http://www.exoticcars.ae Like & Follow Us instagram/exoticcarsdubai",https://dbz-images.dubizzle.com/images/2025/01/27/4bc6d02cd88041a1894dcbbaca07c331-.jpeg?impolicy=dpv,,,,,
